,target,prob,e_val,qStartPos,qEndPos
0,AF-Q9H5I5-2-F1-model_v6,1.00,0.00e+0,1,2520
1,AF-A0AB32U1Q1-F1-model_v6,1.00,0.00e+0,18,2520
2,AF-Q4DXU9-F1-model_v6,1.00,1.52e-43,44,2519
3,AF-M9MSG8-F1-model_v6,1.00,0.00e+0,1,2521
4,AF-E2JF22-F1-model_v6,1.00,0.00e+0,1,2521
5,AF-A0A8N7TDV6-F1-model_v6,1.00,0.00e+0,1,2520
6,AF-Q92508-F1-model_v6,1.00,0.00e+0,1,2521
7,AF-A0A804N3J1-F1-model_v6,1.00,4.10e-55,13,2520
8,AF-Q8CD54-2-F1-model_v6,1.00,0.00e+0,1,2168
9,AF-K7LGZ8-F1-model_v6,1.00,2.39e-55,7,2520
10,AF-F4IN58-F1-model_v6,1.00,1.93e-53,7,2520
11,AF-A0A061ACU2-F1-model_v6,1.00,0.00e+0,1,2520
12,AF-A0A061ACU2-8-F1-model_v6,1.00,0.00e+0,1,2520
13,AF-A0A8R1XXW9-F1-model_v6,1.00,0.00e+0,14,2521
14,AF-A0A126GUQ2-F1-model_v6,1.00,0.00e+0,2,2521
15,AF-A0AAF5DN64-F1-model_v6,1.00,7.27e-103,15,2521
16,AF-A0A4E9EUW2-F1-model_v6,1.00,0.00e+0,1,2521
17,AF-K7MZZ7-F1-model_v6,1.00,4.37e-49,2,2520
18,AF-A0A4E9F501-F1-model_v6,1.00,9.21e-49,565,2492
19,AF-A0A158Q5L0-F1-model_v6,1.00,7.14e-85,544,2521
20,AF-A4I9U0-F1-model_v6,1.00,5.94e-29,1372,2521
21,AF-A0A0N4U6X9-F1-model_v6,1.00,3.92e-98,535,2521
22,6kg7-assembly1_A,1.00,0.00e+0,9,2521
23,AF-A0A077Z8J1-F1-model_v6,1.00,1.30e-97,521,2520
24,AF-A0A4E9FEN3-F1-model_v6,1.00,6.09e-68,198,2521
25,AF-A0A061ACU2-10-F1-model_v6,1.00,8.63e-86,715,2520
26,AF-A0A8R1TRS9-F1-model_v6,1.00,2.04e-50,187,2521
27,AF-A0A8R1U0Y7-F1-model_v6,1.00,8.72e-45,770,2502
28,6b3r-assembly1_A,1.00,0.00e+0,574,2520
29,7wlu-assembly1_A,1.00,0.00e+0,571,2521
30,7wlt-assembly1_A,1.00,0.00e+0,790,2521
31,5z10-assembly1_A,1.00,0.00e+0,571,2521
32,AF-A0A6A4WMD7-F1-model_v6,1.00,2.20e-45,1,1149
33,AF-A0A817NR70-F1-model_v6,1.00,1.75e-44,2,2521
34,AF-A0A1A8AGX9-F1-model_v6,1.00,3.42e-103,1278,2519
35,AF-A0A8S2LA96-F1-model_v6,1.00,1.17e-55,3,1232
36,AF-A0A7J7JSE9-F1-model_v6,1.00,8.25e-50,598,2038
37,AF-A0A6H5H055-F1-model_v6,1.00,1.10e-37,1807,2489
38,AF-A0A653DHE2-F1-model_v6,1.00,4.06e-55,1003,2521
39,AF-A0A480KZG1-F1-model_v6,1.00,3.92e-69,1,1147
40,AF-A0A9P0M8D5-F1-model_v6,1.00,9.28e-48,838,2519
41,AF-A0A158Q727-F1-model_v6,1.00,3.41e-39,952,2520
42,AF-A0A2H1X0Q2-F1-model_v6,1.00,6.41e-55,18,1283
43,AF-A0A1I8EMU6-F1-model_v6,1.00,2.71e-45,882,2521
44,AF-A0A6J2YXD6-F1-model_v6,1.00,1.18e-45,411,1797
45,AF-A0A6C0PNJ5-F1-model_v6,1.00,2.96e-78,1173,2520
46,AF-A0A0Q5UK93-F1-model_v6,1.00,2.07e-51,2,1323
47,AF-A0A0A1U646-F1-model_v6,1.00,2.99e-18,3,1395
48,AF-A0A7J8CKB3-F1-model_v6,1.00,1.84e-91,18,998
49,AF-A0A8T0F7P9-F1-model_v6,1.00,1.44e-60,1357,2521
50,AF-A0A1B6FU70-F1-model_v6,1.00,4.13e-66,1233,2519
51,AF-A0A8C2B9A3-F1-model_v6,1.00,1.25e-75,13,1322
52,AF-A0A5J4XY78-F1-model_v6,1.00,4.17e-25,1340,2521
53,AF-A0A914YNX1-F1-model_v6,1.00,2.15e-51,346,1669
54,AF-A0A3N0XQA4-F1-model_v6,1.00,5.61e-46,147,1101
55,AF-A0A226EIU0-F1-model_v6,1.00,8.53e-60,1,1315
56,AF-A0A6A4MBG7-F1-model_v6,1.00,1.45e-26,1153,2520
57,8imz-assembly1_A,1.00,0.00e+0,790,2521
58,AF-A0AAV6VPB1-F1-model_v6,1.00,2.12e-59,1,1190
59,AF-A0A8T3E3G7-F1-model_v6,1.00,4.42e-74,1373,2521
60,AF-A0A8C6VJD5-F1-model_v6,1.00,8.11e-70,15,1349
61,AF-A0A3Q3G502-F1-model_v6,1.00,2.03e-71,143,1361
62,AF-A0A0V1FX63-F1-model_v6,1.00,7.50e-65,1215,2521
63,AF-A0A9P0M3N9-F1-model_v6,1.00,2.05e-49,838,2229
64,AF-A0A2S2NRA1-F1-model_v6,1.00,4.46e-52,347,1633
65,AF-A0A0N5B170-F1-model_v6,1.00,6.03e-30,200,1806
66,AF-A0A9P0M5D4-F1-model_v6,1.00,6.26e-54,1167,2519
67,AF-A0A9P0KR01-F1-model_v6,1.00,1.82e-44,1044,2418
68,AF-A0A0V1E9W0-F1-model_v6,1.00,2.02e-50,306,1582
69,AF-A0A4U5PAW8-F1-model_v6,1.00,3.80e-47,1134,2521
70,AF-A0AAV9R4T2-F1-model_v6,1.00,7.29e-88,870,2159
71,AF-A0A915ANH7-F1-model_v6,1.00,4.98e-41,1140,2519
72,AF-A0A914UZ51-F1-model_v6,1.00,4.66e-59,1313,2520
73,AF-A0AAV2PTF5-F1-model_v6,1.00,5.94e-57,1577,2521
74,AF-A0A8T0ZJ80-F1-model_v6,1.00,5.65e-29,1674,2519
75,AF-A0A0A9XEI2-F1-model_v6,1.00,2.47e-55,1,1229
76,AF-A0A315VGY0-F1-model_v6,1.00,3.18e-81,15,1158
77,AF-A0A3Q2Y0W9-F1-model_v6,1.00,1.98e-63,147,1323
78,AF-A0A4D9EAT4-F1-model_v6,1.00,3.48e-71,129,1259
79,AF-A0ABD1CZ18-F1-model_v6,1.00,7.95e-45,438,1634
80,AF-A0A915EHD0-F1-model_v6,1.00,1.20e-42,157,1367
81,AF-A0A132A596-F1-model_v6,1.00,4.01e-32,1363,2520
82,AF-A0AAV7IMW3-F1-model_v6,1.00,8.70e-47,1,1154
83,AF-A0A8S1WAT3-F1-model_v6,1.00,4.05e-29,1437,2519
84,AF-A0A3Q0JIM1-F1-model_v6,1.00,7.45e-44,1104,2425
85,AF-A0AA88GF15-F1-model_v6,1.00,3.76e-38,1333,2519
86,AF-A0AAF3J5Y6-F1-model_v6,1.00,3.27e-39,813,1811
87,AF-A0AAV6KZH3-F1-model_v6,1.00,3.15e-3,414,1649
88,AF-A0A9Q0IW25-F1-model_v6,1.00,6.25e-85,830,2521
89,AF-A0A818JV57-F1-model_v6,1.00,3.01e-39,1372,2519
90,AF-A0A4Y7L8I8-F1-model_v6,0.08,0.447,711,2146
91,AF-A0A158PKC0-F1-model_v6,1.00,2.04e-54,1151,2521
92,AF-A0A0B2VML1-F1-model_v6,1.00,2.29e-38,1629,2512
93,AF-A0A1I8EI99-F1-model_v6,1.00,7.78e-51,1,1335
94,AF-A0AA35WA03-F1-model_v6,1.00,2.82e-57,1156,2521
95,AF-A0A267FGS4-F1-model_v6,1.00,1.58e-45,1372,2520
96,AF-A0AAN9VLX4-F1-model_v6,1.00,8.79e-63,1395,2521
97,AF-A0A7R9CMV8-F1-model_v6,1.00,5.76e-35,1,1099
98,AF-A0A8C8DMC3-F1-model_v6,1.00,1.50e-86,147,1323
99,AF-A0ABD1CZ82-F1-model_v6,1.00,2.99e-56,1358,2521
100,AF-A0AA35RM69-F1-model_v6,1.00,2.84e-40,2,1109
101,AF-A0A5C6P1S9-F1-model_v6,1.00,1.84e-72,1372,2521
102,AF-A0A8B7DUG8-F1-model_v6,1.00,1.51e-57,1215,2521
103,AF-A0A183GYL3-F1-model_v6,1.00,3.93e-26,1143,2520
104,AF-A0A915M3J2-F1-model_v6,1.00,2.04e-35,1098,2496
105,AF-A0A818S591-F1-model_v6,1.00,1.66e-28,4,1371
106,AF-A0A226EKW9-F1-model_v6,1.00,1.27e-60,1313,2521
107,AF-A0A6F9ATM2-F1-model_v6,1.00,3.13e-39,1415,2374
108,AF-A0A8C7MFW4-F1-model_v6,1.00,2.36e-60,9,1322
109,AF-A0A819E6A4-F1-model_v6,1.00,2.00e-41,3,1065
110,AF-A0A1I8N034-F1-model_v6,1.00,1.61e-51,248,1386
111,AF-A0A0B7AR40-F1-model_v6,1.00,5.65e-67,1251,2521
112,AF-A0A069DX80-F1-model_v6,1.00,2.76e-44,626,1774
113,AF-A0A196SI25-F1-model_v6,1.00,1.08e-29,1484,2520
114,AF-A0A670I236-F1-model_v6,1.00,1.61e-70,165,1323
115,AF-A0A3Q1F967-F1-model_v6,1.00,3.76e-69,122,1348
116,AF-A0A4D9E3Z0-F1-model_v6,1.00,1.80e-78,1445,2521
117,AF-A0A418DDV9-F1-model_v6,1.00,1.02e-18,1382,2465
118,AF-A0A6P6HMM7-F1-model_v6,1.00,1.16e-70,44,2521
119,AF-A0AB34GA82-F1-model_v6,1.00,5.26e-64,280,1352
120,AF-A0A2G8KG58-F1-model_v6,1.00,9.51e-49,1416,2492
121,AF-A0A0N5CXE1-F1-model_v6,1.00,1.64e-31,1096,2520
122,AF-A0A3N0XTK6-F1-model_v6,1.00,7.21e-91,1443,2520
123,AF-A0A1I8J2S1-F1-model_v6,1.00,1.19e-35,1,1101
124,AF-M3TFI1-F1-model_v6,1.00,5.52e-16,374,1583
125,AF-J9EW84-F1-model_v6,1.00,1.51e-24,200,1742
126,AF-A0A401NZB4-F1-model_v6,1.00,2.54e-63,1,1111
127,AF-A0A9D4DY65-F1-model_v6,1.00,1.10e-54,548,1737
128,AF-A0A3B0K6R0-F1-model_v6,1.00,2.24e-44,227,1381
129,AF-A0A8B6XZ36-F1-model_v6,1.00,4.80e-55,1,1189
130,AF-A0A6V7VMH3-F1-model_v6,1.00,1.48e-37,792,1860
131,AF-A0A453EUB4-F1-model_v6,1.00,1.08e-29,1372,2520
132,AF-A0A0T6BCZ5-F1-model_v6,1.00,2.33e-56,207,1324
133,AF-A0A1I8GQH9-F1-model_v6,1.00,3.29e-29,1101,2185
134,AF-A0A5N3V507-F1-model_v6,1.00,9.36e-19,140,806
135,AF-A0A9P0P8I7-F1-model_v6,1.00,6.48e-52,413,1503
136,AF-W6U812-F1-model_v6,1.00,2.60e-33,107,1027
137,AF-K2NF10-F1-model_v6,1.00,6.38e-22,1141,2333
138,AF-E4YX63-F1-model_v6,1.00,5.31e-42,1,1109
139,AF-A0A9P0Q444-F1-model_v6,1.00,1.17e-36,1,1154
140,AF-A0AAD3N4L6-F1-model_v6,1.00,1.19e-66,998,2438
141,AF-A0AB34GB94-F1-model_v6,1.00,1.90e-63,1502,2520
142,AF-A0A9P0KJ22-F1-model_v6,1.00,4.44e-57,1362,2521
143,AF-A0A9Q1JA68-F1-model_v6,1.00,4.91e-56,752,1633
144,AF-A0A914N2I7-F1-model_v6,1.00,2.87e-44,1362,2442
145,AF-A0A6J3A8I7-F1-model_v6,1.00,2.71e-83,14,1147
146,AF-G3NS86-F1-model_v6,1.00,1.74e-56,649,1640
147,AF-A0A7R9CQG1-F1-model_v6,1.00,2.40e-40,1372,2374
148,AF-A0A819ZSB0-F1-model_v6,1.00,1.56e-15,555,1065
149,AF-A0A817ENN0-F1-model_v6,1.00,6.98e-24,13,1801
150,AF-A0A553R787-F1-model_v6,1.00,1.92e-72,1372,2521
151,AF-A0AAD5RB83-F1-model_v6,1.00,5.60e-39,1,1119
152,AF-A0AAW0NN53-F1-model_v6,1.00,2.33e-68,591,1685
153,AF-A0AAW0IWY1-F1-model_v6,1.00,1.65e-52,414,1248
154,AF-A0A7G2C012-F1-model_v6,1.00,6.03e-30,1504,2519
155,AF-A0A1S3HPU6-F1-model_v6,1.00,2.32e-61,1372,2521
156,AF-A0A1I8CPI5-F1-model_v6,1.00,5.89e-48,1312,2521
157,AF-A0AA36CH18-F1-model_v6,1.00,3.27e-39,43,1178
158,AF-A0A3P7E8S5-F1-model_v6,1.00,8.75e-21,1912,2519
159,AF-A0AAD7TBA8-F1-model_v6,1.00,6.60e-89,432,1476
160,AF-A0A0V1FX62-F1-model_v6,1.00,3.81e-42,58,1221
161,AF-A0A817PEB7-F1-model_v6,1.00,9.44e-28,178,1265
162,AF-A0A915AV10-F1-model_v6,1.00,1.06e-37,1,1065
163,AF-H2YLP9-F1-model_v6,1.00,4.76e-53,210,1322
164,AF-A0A0C9R8R9-F1-model_v6,1.00,2.25e-58,1477,2521
165,AF-A0A1S3QF89-F1-model_v6,1.00,9.45e-47,1372,2309
166,AF-A0A2G8LNX9-F1-model_v6,1.00,6.02e-61,1476,2521
167,AF-A0A915ALY6-F1-model_v6,1.00,5.69e-19,764,1815
168,AF-A0AAV4T1Y6-F1-model_v6,1.00,2.63e-42,1009,2108
169,AF-A0AAD9BN81-F1-model_v6,1.00,4.46e-33,660,1352
170,AF-A0A0N4WCJ0-F1-model_v6,1.00,8.27e-38,796,2055
171,AF-A0A914MN15-F1-model_v6,1.00,8.96e-31,790,1756
172,AF-A0A8S2R756-F1-model_v6,1.00,5.30e-16,1079,2057
173,AF-A0A0S7F270-F1-model_v6,1.00,5.09e-73,764,1764
174,AF-A0ABD0Y9M7-F1-model_v6,1.00,4.07e-43,526,1651
175,AF-A0A7R9I936-F1-model_v6,1.00,1.61e-44,1320,2521
176,AF-A0A815HH47-F1-model_v6,1.00,3.57e-41,2,1068
177,AF-A0A836CXX6-F1-model_v6,1.00,1.95e-14,221,2297
178,AF-A0A2H8TD61-F1-model_v6,1.00,1.04e-55,1372,2521
179,AF-A0A9N9MSI1-F1-model_v6,1.00,1.95e-33,1166,2290
180,AF-A0A0D6MDC8-F1-model_v6,1.00,1.06e-44,1375,2521
181,AF-A0A817GSN5-F1-model_v6,1.00,1.41e-16,557,1314
182,AF-A0A0V0ZU08-F1-model_v6,1.00,9.89e-42,845,1999
183,AF-A0A9J2Q5G7-F1-model_v6,1.00,6.32e-32,1429,2519
184,AF-A0A812U4U4-F1-model_v6,1.00,8.27e-19,1807,2515
185,AF-A0A5J4W070-F1-model_v6,1.00,5.09e-23,1447,2521
186,AF-A0A915KAT0-F1-model_v6,1.00,7.70e-54,1447,2521
187,AF-A0A672R5R8-F1-model_v6,1.00,1.64e-62,286,1322
188,AF-V3ZF50-F1-model_v6,1.00,4.37e-58,208,1323
189,AF-A0A7J5YJ68-F1-model_v6,1.00,1.07e-41,1270,2282
190,AF-A6IXL9-F1-model_v6,1.00,6.73e-76,1355,2521
191,AF-A0A1A7X1H1-F1-model_v6,1.00,3.72e-72,1504,2519
192,AF-A0A7S3VUF6-F1-model_v6,1.00,9.61e-8,1807,2195
193,AF-A0A6G1RNA9-F1-model_v6,1.00,6.11e-91,1541,2521
194,AF-A0A813RPE4-F1-model_v6,1.00,4.68e-35,3,887
195,AF-A0A4Z2BWV0-F1-model_v6,1.00,2.04e-54,1447,2348
196,AF-A0A914LGH4-F1-model_v6,1.00,6.09e-27,1151,2091
197,AF-A0A8S2PEM8-F1-model_v6,1.00,1.07e-34,667,1802
198,AF-A0A3P7U3X9-F1-model_v6,1.00,6.48e-33,1077,2247
199,AF-A0A7S3IKS3-F1-model_v6,1.00,6.90e-8,1443,2249
200,AF-A0A6S7I9M5-F1-model_v6,1.00,1.39e-57,1372,2521
201,AF-A0A397EUN1-F1-model_v6,1.00,4.58e-22,1797,2520
202,AF-A0A7E4ZUG3-F1-model_v6,1.00,1.11e-39,399,1386
203,AF-J9ER22-F1-model_v6,1.00,4.12e-21,1095,2343
204,AF-A0AAV3ANW8-F1-model_v6,1.00,1.30e-73,1576,2521
205,AF-A0A401SAX8-F1-model_v6,1.00,1.42e-51,96,999
206,AF-A0A158QCP8-F1-model_v6,1.00,2.28e-31,114,961
207,AF-A0A183K0Y5-F1-model_v6,1.00,4.34e-18,28,998
208,AF-A0A498LN81-F1-model_v6,1.00,2.12e-40,14,1322
209,AF-A0A8R7TVF6-F1-model_v6,1.00,7.11e-11,4,1127
210,AF-A0AAD4N178-F1-model_v6,1.00,1.47e-49,1444,2464
211,AF-A0A821N2H6-F1-model_v6,1.00,3.02e-53,1431,2521
212,AF-A0A4W5RTC8-F1-model_v6,1.00,9.57e-51,54,1323
213,AF-A0A1I8ILG3-F1-model_v6,1.00,2.62e-28,1,1101
214,AF-A0A8D8I353-F1-model_v6,1.00,2.92e-55,1477,2520
215,AF-A0A7S0IES8-F1-model_v6,1.00,1.83e-27,1669,2505
216,AF-A0A0A1U2R3-F1-model_v6,1.00,3.11e-30,1576,2489
217,AF-A0A2N9H8X9-F1-model_v6,1.00,2.54e-13,1153,2148
218,AF-A0A444UXD5-F1-model_v6,1.00,5.01e-24,977,1862
219,AF-A0A4Z2C651-F1-model_v6,1.00,3.78e-71,1577,2491
220,AF-A0A087T591-F1-model_v6,1.00,4.47e-40,1,929
221,AF-A0A0R3QQZ3-F1-model_v6,1.00,2.57e-17,1948,2515
222,AF-A0AAF3EMF3-F1-model_v6,1.00,1.84e-22,1087,1811
223,AF-A0AAV4H0F6-F1-model_v6,1.00,3.16e-60,1448,2521
224,AF-A0A6V7MAV2-F1-model_v6,1.00,3.09e-47,400,1381
225,AF-A0AA36C590-F1-model_v6,1.00,4.53e-25,5,962
226,AF-A0A553QNW5-F1-model_v6,1.00,4.45e-64,1652,2521
227,AF-A0A8S2MGE7-F1-model_v6,1.00,2.87e-37,1,957
228,AF-A0A0V0VEE4-F1-model_v6,1.00,1.11e-44,384,1322
229,AF-A0AAD3R0R7-F1-model_v6,1.00,1.08e-36,1,777
230,AF-A0A224YFY0-F1-model_v6,1.00,9.11e-61,1522,2519
231,AF-A0A7S0KAW6-F1-model_v6,1.00,6.69e-24,1957,2519
232,AF-A0A0P4W477-F1-model_v6,1.00,1.96e-47,1807,2521
233,AF-A0AAW2YN02-F1-model_v6,1.00,1.01e-35,1601,2517
234,AF-A0AAE0WCQ3-F1-model_v6,1.00,2.05e-61,1616,2520
235,AF-A0AAD4YFY2-F1-model_v6,1.00,1.73e-28,4,1186
236,AF-A0A817HKZ7-F1-model_v6,1.00,1.14e-21,1390,2521
237,AF-A0AAD7ZEB1-F1-model_v6,1.00,1.93e-55,1494,2478
238,3jac-assembly1_C,1.00,7.55e-52,1940,2518
239,AF-A0A812MT74-F1-model_v6,1.00,4.79e-17,1431,2371
240,AF-A0A6V7M8E3-F1-model_v6,1.00,2.24e-56,1663,2521
241,AF-A0A7S0DLL3-F1-model_v6,1.00,6.46e-26,1808,2519
242,AF-A0A2J7R0H1-F1-model_v6,1.00,3.86e-39,47,998
243,AF-A0A401T3H2-F1-model_v6,1.00,2.24e-44,301,1352
244,AF-A0A1S3QUK8-F1-model_v6,1.00,9.42e-21,1390,2055
245,AF-W8BRJ7-F1-model_v6,1.00,5.53e-54,1605,2521
246,AF-A0A8J2Q803-F1-model_v6,1.00,2.95e-33,1,996
247,AF-A0A813B2L5-F1-model_v6,1.00,6.20e-26,1675,2521
248,AF-A0A817EAU4-F1-model_v6,1.00,1.47e-30,2,1265
249,AF-A0A915E435-F1-model_v6,1.00,1.00e-26,399,1247
250,AF-A0A6G1RCQ3-F1-model_v6,1.00,1.83e-58,772,1634
251,AF-A0A8J2M1T6-F1-model_v6,1.00,1.67e-30,1453,2520
252,AF-A0A7S3Z6Q1-F1-model_v6,1.00,6.31e-25,1812,2519
253,AF-A0A6B2KXL2-F1-model_v6,1.00,9.14e-37,1690,2520
254,6bpz-assembly1_A,1.00,4.12e-82,1142,2518
255,AF-A0A653DWX2-F1-model_v6,1.00,4.32e-42,526,1408
256,AF-A0A8C4R4T6-F1-model_v6,1.00,3.30e-36,1,777
257,AF-A0A819E9B9-F1-model_v6,1.00,5.02e-31,1012,2229
258,AF-A0A3P3YLB6-F1-model_v6,1.00,3.07e-26,1807,2521
259,AF-A0A183T6D2-F1-model_v6,1.00,3.31e-24,110,712
260,AF-Q4RWW2-F1-model_v6,1.00,4.01e-51,524,1352
261,AF-N6U9E7-F1-model_v6,1.00,6.68e-55,1666,2521
262,AF-A0A817EMZ3-F1-model_v6,1.00,6.30e-37,1294,2348
263,AF-A0A8X6UBH9-F1-model_v6,1.00,2.37e-55,1622,2514
264,AF-A0A7R9AWQ2-F1-model_v6,1.00,2.41e-28,384,1065
265,AF-A0AAV2APG7-F1-model_v6,1.00,6.49e-40,335,1151
266,AF-A0A9D3LZ23-F1-model_v6,1.00,3.34e-71,1576,2521
267,AF-A0AAV2APD1-F1-model_v6,1.00,4.34e-37,1372,2439
268,AF-A0A7R9F909-F1-model_v6,1.00,2.37e-36,1929,2521
269,AF-A0A812CG58-F1-model_v6,1.00,3.40e-13,1929,2521
270,AF-A0A914GN85-F1-model_v6,1.00,4.32e-23,1,1041
271,AF-A0A060WVG4-F1-model_v6,1.00,7.13e-37,140,780
272,AF-A0A915E1L6-F1-model_v6,1.00,2.04e-28,1278,2176
273,A0A1L3KKV6_2,0.04,8.56e+0,2264,2348
274,AF-A0A7S1JBW4-F1-model_v6,0.03,0.391,575,2072
275,AF-A0A0P8XZA1-F1-model_v6,1.00,6.41e-36,431,1322
276,AF-A0A182G146-F1-model_v6,1.00,7.61e-38,438,1322
277,AF-A0A1E1IU37-F1-model_v6,1.00,2.49e-26,1679,2517
278,AF-G0NWW3-F1-model_v6,1.00,6.12e-22,11,774
279,AF-A0A314UCB2-F1-model_v6,1.00,1.21e-8,7,802
280,AF-A0A9X8DKL7-F1-model_v6,1.00,6.28e-11,1783,2348
281,AF-A0AAW1V3U4-F1-model_v6,1.00,8.36e-54,1667,2521
282,AF-A0AAW1BSN8-F1-model_v6,1.00,1.99e-39,1012,2521
283,AF-A0AAW2YSQ4-F1-model_v6,1.00,1.16e-32,1691,2517
284,AF-A0A0C2GXU0-F1-model_v6,1.00,5.15e-39,1632,2521
285,AF-A0A914QQ89-F1-model_v6,1.00,5.03e-38,1431,2376
286,AF-A0A1I8CWF5-F1-model_v6,1.00,2.34e-32,1337,2328
287,AF-A0AAV2JTX8-F1-model_v6,1.00,1.69e-34,1808,2521
288,AF-A0A1S3M1P2-F1-model_v6,1.00,1.24e-35,303,987
289,AF-A0A5J4XG18-F1-model_v6,1.00,2.92e-5,980,1656
290,AF-E3NQL2-F1-model_v6,1.00,6.42e-24,710,1448
291,AF-A0AA36HJN2-F1-model_v6,1.00,1.72e-21,1722,2521
292,AF-A0A653DFQ5-F1-model_v6,1.00,7.02e-26,1,967
293,AF-A0A2H1WK71-F1-model_v6,1.00,6.22e-52,1703,2520
294,AF-A0A8S2QNQ3-F1-model_v6,1.00,2.52e-30,967,1846
295,AF-A0A0L7KQS8-F1-model_v6,1.00,7.49e-27,55,1212
296,AF-A0A0D2JHL8-F1-model_v6,1.00,4.33e-11,1341,2310
297,AF-A0A7S0DDN7-F1-model_v6,1.00,9.82e-21,1957,2519
298,AF-A0A820JUF7-F1-model_v6,1.00,9.30e-17,2,708
299,AF-A0A7S3SFH2-F1-model_v6,1.00,2.13e-4,1844,2209
300,AF-A0A7R9KTM4-F1-model_v6,1.00,4.15e-49,1721,2519
301,AF-A0ABD0WTF1-F1-model_v6,1.00,3.99e-37,1,712
302,AF-A0AAR5PGD9-F1-model_v6,1.00,1.10e-35,1576,2414
303,AF-A0AAW2SHB8-F1-model_v6,1.00,7.81e-27,1709,2520
304,AF-A0AAV9R8A6-F1-model_v6,1.00,1.04e-55,1,832
305,AF-A0A0K0FWJ2-F1-model_v6,1.00,1.15e-23,172,934
306,AF-A0A498LX91-F1-model_v6,1.00,1.11e-46,1456,2348
307,AF-A0A653DI00-F1-model_v6,1.00,1.92e-41,1666,2520
308,AF-A0A821T6Y7-F1-model_v6,1.00,4.63e-38,548,1375
309,AF-M4BPS6-F1-model_v6,1.00,2.80e-24,1783,2519
310,AF-A0A267FZ22-F1-model_v6,1.00,1.78e-24,4,782
311,AF-N6TAG7-F1-model_v6,1.00,4.22e-22,578,1640
312,AF-A0A060Y0R6-F1-model_v6,1.00,5.38e-65,1720,2520
313,AF-A0A067RJC4-F1-model_v6,1.00,2.17e-41,1607,2512
314,AF-A0A915ALZ1-F1-model_v6,1.00,3.17e-17,557,1559
315,AF-A0A7S3SFH1-F1-model_v6,1.00,1.25e-18,1844,2470
316,AF-A0A183LV05-F1-model_v6,1.00,1.42e-18,335,941
317,AF-A0A183TW26-F1-model_v6,1.00,2.38e-31,335,1221
318,AF-A0A0Q9X2B4-F1-model_v6,1.00,1.23e-31,1444,2431
319,AF-A0A6J1YUZ4-F1-model_v6,1.00,1.88e-47,1373,2283
320,AF-A0A3R7WY44-F1-model_v6,1.00,1.01e-21,1852,2519
321,AF-A0A653DJD9-F1-model_v6,1.00,2.50e-21,1499,2520
322,AF-A0A0Q9W7V8-F1-model_v6,1.00,4.34e-6,1312,1838
323,AF-V3ZZC9-F1-model_v6,1.00,1.35e-59,1690,2521
324,AF-A0A7R9AX44-F1-model_v6,1.00,1.83e-8,15,558
325,AF-A0A653DW18-F1-model_v6,1.00,9.61e-27,1372,2150
326,AF-A0A151PJG2-F1-model_v6,1.00,6.15e-55,1410,2169
327,AF-A0A0C2CLK3-F1-model_v6,1.00,2.49e-19,1570,2119
328,AF-A0A418AF49-F1-model_v6,1.00,1.83e-20,1807,2482
329,AF-A0A8S2P9Z6-F1-model_v6,1.00,1.53e-16,31,872
330,AF-A0A914FRR9-F1-model_v6,1.00,4.29e-40,1631,2436
331,AF-A0AAD3M1G6-F1-model_v6,1.00,9.30e-36,1,717
332,AF-V8NFU7-F1-model_v6,1.00,2.70e-50,1783,2521
333,AF-A0A9P0GMA9-F1-model_v6,1.00,6.04e-18,39,998
334,AF-A0A060X2S1-F1-model_v6,1.00,1.54e-49,1042,1803
335,AF-A0A819HK95-F1-model_v6,1.00,2.38e-24,1079,2107
336,AF-G9L1K3-F1-model_v6,1.00,8.46e-70,1528,2308
337,AF-B7PSR6-F1-model_v6,1.00,3.50e-35,562,1322
338,AF-A0A6G3MDU1-F1-model_v6,1.00,2.14e-18,1422,2313
339,AF-A0AAV2LVJ1-F1-model_v6,1.00,2.40e-33,2055,2521
340,AF-A0A812QIN9-F1-model_v6,1.00,1.29e-21,1880,2521
341,AF-A0A183T903-F1-model_v6,1.00,1.63e-29,1983,2521
342,AF-A0A7S1I0S6-F1-model_v6,1.00,4.67e-28,1680,2518
343,AF-A0A8J4TZQ9-F1-model_v6,1.00,2.58e-62,1653,2438
344,AF-A0A0D8XKP2-F1-model_v6,1.00,5.88e-10,22,732
345,AF-A0AAD4R722-F1-model_v6,1.00,1.41e-30,1811,2521
346,AF-A0A2A2M0E5-F1-model_v6,1.00,5.50e-21,1,710
347,AF-A0AAD6NPW5-F1-model_v6,1.00,1.72e-7,7,778
348,AF-A0A819H799-F1-model_v6,1.00,7.37e-28,4,711
349,AF-A0AAW2WBM4-F1-model_v6,1.00,4.13e-16,1476,2520
350,AF-A0A3N0YZV0-F1-model_v6,1.00,9.97e-32,43,712
351,AF-A0A821AY38-F1-model_v6,1.00,7.22e-22,1080,2017
352,AF-A0A1I8GRR1-F1-model_v6,1.00,2.75e-18,210,998
353,AF-A0A1S3M010-F1-model_v6,1.00,3.92e-38,895,1556
354,AF-A0AAE9ADI6-F1-model_v6,1.00,3.81e-23,1,737
355,AF-A0A0D6MA53-F1-model_v6,1.00,1.44e-22,676,1401
356,AF-A0AAW0NJJ2-F1-model_v6,1.00,1.83e-58,1720,2519
357,AF-A0A820HPW4-F1-model_v6,1.00,7.22e-41,1741,2520
358,AF-A0A1S3HSM4-F1-model_v6,1.00,9.02e-33,93,803
359,AF-A0A4C1UY82-F1-model_v6,1.00,1.17e-17,53,617
360,AF-A0A819HCB6-F1-model_v6,1.00,2.85e-23,46,711
361,AF-A0A8J4SRX6-F1-model_v6,1.00,1.28e-38,1939,2521
362,AF-A0A0M3K839-F1-model_v6,1.00,3.46e-19,1431,2310
363,AF-A0A914TIV3-F1-model_v6,1.00,6.05e-25,1,710
364,AF-C5KDI0-F1-model_v6,1.00,1.03e-17,1983,2514
365,AF-A0AAF3EM81-F1-model_v6,1.00,4.75e-27,338,1066
366,AF-A0A1W0X1X0-F1-model_v6,1.00,1.36e-32,2,826
367,AF-A0A183AU97-F1-model_v6,1.00,6.56e-18,1372,2344
368,AF-A0A9D3RZT4-F1-model_v6,1.00,1.22e-48,252,960
369,AF-A0A1I7S5E3-F1-model_v6,1.00,2.00e-22,1,733
370,AF-A0A0N5AVK8-F1-model_v6,1.00,9.55e-25,1,722
371,AF-A0AAW2UT49-F1-model_v6,1.00,8.64e-26,1958,2520
372,AF-A0A226NGJ2-F1-model_v6,1.00,9.16e-25,31,663
373,AF-A0A835ZIV2-F1-model_v6,1.00,4.26e-19,336,1187
374,AF-A0A8C2GDG4-F1-model_v6,1.00,3.41e-58,1731,2521
375,AF-A0AAV9SND7-F1-model_v6,1.00,4.16e-37,1558,2467
376,AF-A0A158PIP0-F1-model_v6,1.00,5.49e-14,75,1065
377,AF-A0AAV2LVJ0-F1-model_v6,1.00,5.73e-21,1502,2056
378,AF-A0A7F8K7I5-F1-model_v6,1.00,7.83e-34,1633,2521
379,AF-A0A7F8RJW4-F1-model_v6,1.00,7.71e-23,1484,2055
380,AF-A0A914WY87-F1-model_v6,1.00,1.74e-18,1432,2276
381,AF-A0A8S1L3E7-F1-model_v6,1.00,1.53e-23,1927,2519
382,AF-A0ABD2Z9J9-F1-model_v6,1.00,9.28e-10,12,775
383,AF-A0A914XDQ8-F1-model_v6,1.00,3.20e-33,611,1379
384,AF-A0AAD9PAP4-F1-model_v6,1.00,1.21e-46,1880,2521
385,AF-A0AAD7SSI6-F1-model_v6,1.00,7.58e-43,1557,2262
386,AF-X6N1S8-F1-model_v6,1.00,6.53e-23,1957,2521
387,AF-A0A8B6D5U3-F1-model_v6,1.00,3.25e-44,1589,2374
388,AF-A0A7S3SK61-F1-model_v6,1.00,7.35e-21,1904,2517
389,AF-A0A820WYB2-F1-model_v6,1.00,5.93e-19,23,714
390,AF-A0A7R9P7Y6-F1-model_v6,1.00,4.95e-27,2047,2521
391,AF-A0A974HE43-F1-model_v6,1.00,5.06e-40,1476,2221
392,AF-A0A9P1CHE5-F1-model_v6,1.00,6.53e-23,1869,2521
393,AF-A0A7F8QAV2-F1-model_v6,1.00,1.06e-44,1853,2521
394,AF-A0A3Q2E540-F1-model_v6,1.00,3.41e-58,1653,2521
395,AF-A0A7R8ZB90-F1-model_v6,1.00,5.65e-29,404,1065
396,AF-A0A914W9E5-F1-model_v6,1.00,6.84e-18,714,1311
397,AF-A0AAV2HH44-F1-model_v6,1.00,6.52e-35,1,715
398,AF-A0A1I8IZC9-F1-model_v6,1.00,8.81e-13,321,803
399,AF-A0A1Z5LH12-F1-model_v6,1.00,1.26e-46,1848,2521
400,AF-A0ABD2QNI6-F1-model_v6,1.00,2.44e-39,1868,2520
401,AF-G0PEK7-F1-model_v6,1.00,5.83e-39,1851,2521
402,AF-A0A8K0K6C6-F1-model_v6,1.00,9.32e-24,1611,2292
403,AF-A0A822ATN0-F1-model_v6,1.00,1.71e-19,1058,1817
404,AF-A0A7S1QMS3-F1-model_v6,1.00,4.83e-19,1950,2520
405,AF-A0A914Y1Z1-F1-model_v6,1.00,1.44e-17,1434,2057
406,AF-A0AA88LJ86-F1-model_v6,1.00,7.76e-25,103,803
407,AF-A0A556VCH7-F1-model_v6,1.00,1.77e-22,15,1147
408,AF-A0A158QWY7-F1-model_v6,1.00,8.21e-17,3,747
409,AF-A0A1B0CLH2-F1-model_v6,1.00,1.68e-44,1865,2521
410,AF-A0A0Q9WFA2-F1-model_v6,1.00,6.26e-35,1988,2520
411,AF-A7RMM3-F1-model_v6,1.00,6.68e-17,1410,2248
412,AF-K1RGF7-F1-model_v6,1.00,6.31e-25,1,569
413,AF-A0A2P4SQD4-F1-model_v6,1.00,3.73e-48,23,687
414,AF-A0A183H0E9-F1-model_v6,1.00,1.90e-25,1631,2520
415,AF-A0A6A4LSQ3-F1-model_v6,1.00,1.38e-3,5,811
416,AF-A0AAJ8B0T9-F1-model_v6,1.00,1.64e-43,144,806
417,AF-A0A183DPV4-F1-model_v6,1.00,9.69e-17,1,560
418,AF-A0A8R1DPN1-F1-model_v6,1.00,1.50e-17,1,676
419,AF-G0R6D7-F1-model_v6,1.00,3.79e-21,1945,2519
420,AF-A0A087UY53-F1-model_v6,1.00,2.09e-17,1030,1707
421,AF-G3N9E4-F1-model_v6,1.00,3.20e-45,807,1459
422,AF-A0A5C6PHQ5-F1-model_v6,1.00,1.56e-22,1366,1998
423,AF-A0A5N4CHM3-F1-model_v6,1.00,1.41e-23,268,829
424,AF-A0AAE9A6J5-F1-model_v6,1.00,2.62e-16,1,569
425,AF-A0AAV1A2G6-F1-model_v6,1.00,6.24e-9,7,776
426,AF-A0A653DHF1-F1-model_v6,1.00,3.28e-34,1904,2520
427,AF-A0A1I8EJ69-F1-model_v6,1.00,9.10e-23,1324,2117
428,AF-A0A0G4ILN4-F1-model_v6,1.00,1.42e-25,1926,2521
429,AF-A0A9P0E2U6-F1-model_v6,1.00,3.88e-22,54,778
430,AF-V5I8F8-F1-model_v6,1.00,7.45e-25,2,659
431,AF-A0AAR2KWH7-F1-model_v6,1.00,1.56e-53,1809,2521
432,AF-A0A091DNK6-F1-model_v6,1.00,3.17e-36,22,560
433,AF-A0A8B9HS83-F1-model_v6,1.00,2.99e-56,1894,2521
434,AF-A0A0N5DC76-F1-model_v6,1.00,7.11e-11,1031,1804
435,AF-A0A1V4J962-F1-model_v6,1.00,6.62e-27,1,543
436,AF-A0A1R2CWL8-F1-model_v6,1.00,8.18e-22,1983,2519
437,AF-A0A915NIH3-F1-model_v6,1.00,1.12e-17,796,1396
438,AF-A0A8C3K900-F1-model_v6,1.00,1.79e-33,1935,2332
439,AF-A0A1A8QVW0-F1-model_v6,1.00,1.49e-39,1741,2509
440,AF-A0A0C2GSY1-F1-model_v6,1.00,6.05e-25,676,1323
441,AF-A0A7S0D1J4-F1-model_v6,1.00,9.00e-26,1938,2520
442,AF-A0A6B2G036-F1-model_v6,1.00,2.96e-9,1165,2051
443,AF-A0A9J2P616-F1-model_v6,1.00,1.69e-15,5,526
444,AF-A0A8D8SEV2-F1-model_v6,1.00,2.49e-45,1937,2519
445,AF-A0A8S2EQE7-F1-model_v6,1.00,3.63e-21,2,658
446,AF-A0A2G8LNW3-F1-model_v6,1.00,1.29e-28,754,1382
447,AF-H3H5Q4-F1-model_v6,1.00,5.79e-18,2004,2519
448,AF-A0A821YIX7-F1-model_v6,1.00,1.61e-39,1905,2521
449,AF-A0A973YGQ3-F1-model_v6,1.00,5.51e-47,1652,2251
450,AF-A0A6I9MWS8-F1-model_v6,1.00,4.10e-26,2062,2521
451,AF-A0AAV2LVL7-F1-model_v6,1.00,9.40e-14,335,717
452,AF-A0A6F9CMR8-F1-model_v6,1.00,8.43e-44,738,1352
453,AF-A0ABD1KS39-F1-model_v6,1.00,9.43e-40,1851,2521
454,AF-A0A3S1BPS2-F1-model_v6,1.00,1.92e-22,1,572
455,AF-A0A7R9B0Y0-F1-model_v6,1.00,4.53e-25,1623,2521
456,AF-A0A8S3Z5V8-F1-model_v6,1.00,9.67e-29,782,1442
457,AF-A0A8K0GGP8-F1-model_v6,1.00,8.71e-16,1012,1565
458,AF-T1F269-F1-model_v6,1.00,1.25e-23,66,712
459,AF-A0A158QJ81-F1-model_v6,1.00,1.64e-12,114,572
460,AF-A0A8X7YH43-F1-model_v6,1.00,3.13e-13,2014,2520
461,AF-F6X7Y7-F1-model_v6,1.00,7.12e-49,1927,2520
462,AF-A0A813JU87-F1-model_v6,1.00,6.56e-18,2027,2521
463,AF-A0A7S4UU07-F1-model_v6,1.00,8.56e-17,1983,2521
464,AF-A0A820W1M7-F1-model_v6,1.00,4.55e-20,82,714
465,AF-A0A6S7J1J6-F1-model_v6,1.00,5.50e-21,234,889
466,AF-A0A1V9Y3U5-F1-model_v6,1.00,1.63e-17,96,610
467,AF-A0A484KVJ1-F1-model_v6,1.00,1.81e-23,1957,2520
468,AF-A0AB34GI10-F1-model_v6,1.00,3.83e-18,623,1337
469,AF-A0AAF3J481-F1-model_v6,1.00,7.22e-41,1938,2520
470,AF-A0A6V7WRF5-F1-model_v6,1.00,1.97e-18,148,715
471,AF-A0A4Y2IWL4-F1-model_v6,1.00,4.33e-11,1346,2022
472,AF-C3ZZL8-F1-model_v6,1.00,2.80e-43,1935,2521
473,AF-A0A2J8RFQ9-F1-model_v6,1.00,2.06e-37,871,1453
474,AF-A0A060WXK8-F1-model_v6,1.00,1.02e-32,623,1157
475,AF-A0A812NIS7-F1-model_v6,1.00,3.05e-12,2027,2520
476,AF-A0A3R7KKV7-F1-model_v6,1.00,1.84e-22,2005,2519
477,AF-A0AA47MNW2-F1-model_v6,1.00,1.18e-38,1830,2348
478,AF-A0A443S1R6-F1-model_v6,1.00,3.29e-29,1628,2262
479,AF-A0A6A4QPP6-F1-model_v6,1.00,2.24e-6,66,737
480,AF-A0A6V7VKY9-F1-model_v6,1.00,1.73e-35,1973,2521
481,AF-A0A8S1DEM2-F1-model_v6,1.00,6.39e-10,2,703
482,AF-A0A7S3Z4R3-F1-model_v6,1.00,6.04e-18,1815,2412
483,AF-A0AAV6PCR6-F1-model_v6,1.00,1.57e-24,1503,2033
484,AF-A0A7R9L235-F1-model_v6,1.00,6.68e-17,369,995
485,AF-A7T173-F1-model_v6,1.00,4.72e-25,1897,2521
486,AF-A0AAV7ZLP2-F1-model_v6,1.00,6.27e-4,1,560
487,AF-A0A7S3BN79-F1-model_v6,1.00,1.15e-23,1970,2521
488,AF-A0A974HE50-F1-model_v6,1.00,6.64e-34,633,1151
489,AF-A0A8C2YS04-F1-model_v6,1.00,2.07e-20,61,558
490,AF-A0A9D4IDV1-F1-model_v6,1.00,5.95e-26,3,560
491,AF-A0AAD9NQ86-F1-model_v6,1.00,1.91e-39,1965,2521
492,AF-A0AAV8VBX7-F1-model_v6,1.00,1.57e-24,2100,2521
493,AF-A0A835U5U2-F1-model_v6,1.00,4.83e-7,7,661
494,AF-A0A8S3Z0Q3-F1-model_v6,1.00,3.59e-36,1663,2326
495,AF-A0A0L0FU33-F1-model_v6,1.00,1.54e-30,2001,2518
496,AF-A0A8S4BXM3-F1-model_v6,1.00,1.86e-38,1777,2309
497,AF-A0A0R1E8N1-F1-model_v6,1.00,2.70e-19,620,1323
498,MGYP001428331725,1.00,1.62e-8,386,1029
499,AF-A0A8C4RYS8-F1-model_v6,1.00,1.65e-52,1961,2521
500,AF-A0A0D8XPP7-F1-model_v6,1.00,3.46e-19,849,1372
501,AF-A0A8S4DJ59-F1-model_v6,1.00,1.39e-24,2088,2521
502,AF-A0A183AS46-F1-model_v6,1.00,1.16e-8,292,665
503,AF-A0A817H2W5-F1-model_v6,1.00,9.61e-27,1685,2329
504,AF-A0AAD7SQN5-F1-model_v6,1.00,3.88e-22,1143,1632
505,AF-A0AAZ3QBH6-F1-model_v6,1.00,4.37e-39,779,1300
506,AF-A0A8B9Q8Q4-F1-model_v6,1.00,6.28e-30,2158,2431
507,AF-A0A183I937-F1-model_v6,1.00,1.74e-18,108,665
508,AF-A0A7S4EXY0-F1-model_v6,1.00,4.86e-21,2025,2520
509,AF-A0A669F8I7-F1-model_v6,1.00,2.36e-53,1927,2519
510,AF-A0A6B2L0Y6-F1-model_v6,1.00,1.18e-26,1958,2519
511,AF-A0A6P4ED45-F1-model_v6,1.00,1.18e-12,26,468
512,AF-A0A2J7R0H6-F1-model_v6,1.00,4.29e-40,2007,2521
513,AF-A0A8S3YUI8-F1-model_v6,1.00,2.39e-19,56,558
514,AF-A0A0L7KV50-F1-model_v6,1.00,5.45e-12,998,1641
515,AF-A0A914XE30-F1-model_v6,1.00,8.00e-28,1703,2292
516,AF-D2I3S8-F1-model_v6,1.00,1.40e-40,20,560
517,AF-A0A177AQG0-F1-model_v6,1.00,2.48e-24,1832,2372
518,AF-A0A183JCV8-F1-model_v6,1.00,1.44e-22,2122,2520
519,AF-A0A8B9NCQ2-F1-model_v6,1.00,7.41e-30,2127,2431
520,AF-F6R5V5-F1-model_v6,1.00,1.72e-33,2015,2519
521,AF-A0A9D4NVW3-F1-model_v6,1.00,1.47e-11,3,408
522,AF-V8PBC7-F1-model_v6,1.00,4.19e-39,1926,2521
523,AF-A0A8J8P6A3-F1-model_v6,1.00,5.60e-20,2028,2519
524,AF-A0ABD2QRI7-F1-model_v6,1.00,3.59e-17,940,1515
525,AF-A0A368GKK6-F1-model_v6,1.00,6.00e-16,3,541
526,AF-A0A9N9QVJ7-F1-model_v6,1.00,1.89e-18,1,542
527,AF-A0A368GPS0-F1-model_v6,1.00,3.89e-29,2037,2521
528,AF-A0AAD6AEM4-F1-model_v6,1.00,1.86e-12,19,500
529,AF-A0A915APT4-F1-model_v6,1.00,9.22e-8,1143,1802
530,AF-A0A914XSB9-F1-model_v6,1.00,1.80e-16,1,476
531,AF-A0A556V194-F1-model_v6,1.00,4.49e-16,1,435
532,AF-A0A3Q1GE93-F1-model_v6,1.00,1.35e-40,1933,2520
533,AF-A0A914YQC1-F1-model_v6,1.00,1.91e-20,772,1297
534,AF-A0AAV2LVK2-F1-model_v6,1.00,1.02e-6,725,997
535,AF-A0A821TR04-F1-model_v6,1.00,3.11e-18,2,542
536,AF-A0A3P7FGZ1-F1-model_v6,1.00,2.89e-18,1,542
537,AF-A0ABD2QNM9-F1-model_v6,1.00,1.55e-13,312,708
538,AF-A0A8C0UDY1-F1-model_v6,1.00,8.60e-31,875,1265
539,AF-A0A1W7R470-F1-model_v6,1.00,4.29e-21,1,542
540,AF-A0A9Q0WY45-F1-model_v6,1.00,4.64e-7,1704,2182
541,AF-E4WT37-F1-model_v6,1.00,3.89e-29,2012,2472
542,AF-A0AAR5QG10-F1-model_v6,1.00,2.34e-20,390,887
543,AF-A0A077ZB03-F1-model_v6,1.00,2.77e-18,7,531
544,AF-A0A0M3J501-F1-model_v6,1.00,3.97e-23,1734,2266
545,AF-A0A818XBF7-F1-model_v6,1.00,8.16e-34,2039,2520
546,AF-A0A158QRC0-F1-model_v6,1.00,1.48e-25,1983,2521
547,AF-A0A7S3YVE3-F1-model_v6,1.00,1.75e-20,1928,2431
548,AF-A0A151P375-F1-model_v6,1.00,3.37e-42,612,1100
549,AF-N6SRF8-F1-model_v6,1.00,3.15e-15,387,792
550,AF-A0A8K0NYF1-F1-model_v6,1.00,4.07e-24,1742,2292
551,AF-A0A7I8V5E3-F1-model_v6,1.00,3.65e-16,66,572
552,AF-H2YLN4-F1-model_v6,1.00,1.09e-28,1946,2521
553,AF-A0A7S1LF86-F1-model_v6,1.00,9.86e-16,1986,2452
554,AF-A0A8S4DI04-F1-model_v6,1.00,2.07e-13,1532,2055
555,AF-A0A9P3N0G7-F1-model_v6,1.00,6.42e-5,1958,2250
556,AF-A0A7R8ZE57-F1-model_v6,1.00,5.25e-7,1101,1633
557,AF-S8E9K8-F1-model_v6,1.00,2.74e-4,26,572
558,AF-A0A091QG68-F1-model_v6,1.00,2.46e-41,1652,2220
559,AF-A0A9Q1DAC4-F1-model_v6,1.00,3.72e-34,2111,2521
560,AF-A0A0J7N2Y3-F1-model_v6,1.00,7.07e-28,1965,2521
561,AF-A0A4W5L8E6-F1-model_v6,1.00,8.51e-34,1926,2432
562,AF-A0A8C5T3N5-F1-model_v6,1.00,8.69e-28,2160,2437
563,AF-A0A6F9BY74-F1-model_v6,1.00,2.07e-27,546,997
564,AF-A0A6A7FSW2-F1-model_v6,1.00,1.44e-24,2010,2521
565,AF-A0A2Y9GZJ7-F1-model_v6,1.00,2.96e-28,23,433
566,AF-A0A3B4BM33-F1-model_v6,1.00,7.76e-25,870,1265
567,AF-A0A7F8RLG2-F1-model_v6,1.00,2.12e-21,414,829
568,AF-A0A0M3KAN0-F1-model_v6,1.00,6.93e-22,755,1262
569,AF-A0A0A1U3K3-F1-model_v6,1.00,7.95e-26,2015,2520
570,AF-A0A7R9GZC7-F1-model_v6,1.00,1.59e-16,7,522
571,AF-A0A2K6L5A3-F1-model_v6,1.00,3.77e-26,1830,2308
572,AF-A0A819ZWP4-F1-model_v6,1.00,1.80e-16,679,1170
573,AF-U4UL03-F1-model_v6,1.00,1.03e-15,54,542
574,AF-A0AAD3NN43-F1-model_v6,1.00,1.45e-7,286,615
575,AF-A0A7S1NMK7-F1-model_v6,1.00,2.33e-6,1856,2281
576,AF-A0A7J7JRQ0-F1-model_v6,1.00,5.05e-33,2052,2521
577,AF-A0A3B5M9M3-F1-model_v6,1.00,2.76e-25,878,1265
578,AF-A0AAV2AQ35-F1-model_v6,1.00,1.13e-12,3,418
579,AF-A0A1I8B460-F1-model_v6,1.00,5.99e-9,148,715
580,AF-A0A6G1QMZ4-F1-model_v6,1.00,4.68e-16,1,551
581,AF-A0A8D8RSR5-F1-model_v6,1.00,9.61e-8,1344,1860
582,AF-A0A2G9S9H0-F1-model_v6,1.00,3.51e-42,2056,2520
583,AF-A0A3M7SW70-F1-model_v6,1.00,8.05e-11,1,423
584,AF-A0A913WTW8-F1-model_v6,1.00,6.68e-17,465,929
585,AF-A0A8B6XM53-F1-model_v6,1.00,8.50e-15,976,1518
586,AF-A0A1S3QV87-F1-model_v6,1.00,6.81e-42,2056,2521
587,AF-A0A3B5MWP0-F1-model_v6,1.00,6.37e-34,1926,2438
588,AF-A0A0A9WQR3-F1-model_v6,1.00,1.30e-23,1747,2275
589,AF-A0A8S3YZ24-F1-model_v6,1.00,5.15e-20,755,1212
590,AF-A0A6H5HQ23-F1-model_v6,1.00,2.27e-17,207,663
591,AF-A0AAW0PHZ7-F1-model_v6,1.00,2.90e-3,42,432
592,AF-A0A914WB89-F1-model_v6,1.00,8.81e-13,5,473
593,AF-A0A8B9S359-F1-model_v6,1.00,2.28e-24,834,1310
594,AF-A0AA88LES4-F1-model_v6,1.00,3.29e-10,451,887
595,AF-A0A6V2RNV9-F1-model_v6,1.00,1.17e-17,2086,2520
596,AF-A0A6B0SBU8-F1-model_v6,1.00,8.58e-24,566,1034
597,AF-A0A9L0IGU7-F1-model_v6,1.00,8.02e-35,2159,2437
598,AF-A0A3Q2YRV2-F1-model_v6,1.00,2.77e-20,860,1280
599,AF-A0AAV2LVL5-F1-model_v6,1.00,4.56e-8,78,406
600,AF-A0AAW0NQ38-F1-model_v6,1.00,2.65e-20,144,577
601,AF-A0A0C2G3H6-F1-model_v6,1.00,2.11e-7,233,570
602,AF-A0A668U3Y2-F1-model_v6,1.00,3.51e-23,899,1265
603,AF-A0A7S4UEG2-F1-model_v6,1.00,8.54e-10,1626,2126
604,AF-A0A3B3S2L7-F1-model_v6,1.00,3.07e-26,2137,2437
605,AF-A0A2K3PAI8-F1-model_v6,1.00,1.24e-2,228,737
606,AF-A0A3Q1EIG3-F1-model_v6,1.00,9.78e-26,870,1352
607,MGYP001059347393,1.00,1.18e-5,414,875
608,AF-A0A3B3CX11-F1-model_v6,1.00,2.08e-34,870,1265
609,AF-A0ABD1CJG4-F1-model_v6,1.00,1.37e-8,1,344
610,AF-A0A4U5LX43-F1-model_v6,1.00,5.34e-6,44,405
611,AF-A0A0N4U6X7-F1-model_v6,1.00,3.53e-9,65,519
612,AF-A0A060X1F1-F1-model_v6,1.00,1.68e-39,2096,2520
613,AF-A0AB34GG41-F1-model_v6,1.00,2.10e-5,20,418
614,AF-A0A8D9F216-F1-model_v6,1.00,6.42e-5,1444,1811
615,AF-A0A7S1YB79-F1-model_v6,1.00,5.93e-19,2090,2520
616,AF-A0A9D5AW82-F1-model_v6,1.00,1.89e-4,20,553
617,AF-L8I5C6-F1-model_v6,1.00,4.78e-10,211,544
618,AF-A0ABC9HFG2-F1-model_v6,1.00,9.18e-13,2195,2520
619,AF-A0A0Q5U704-F1-model_v6,1.00,8.62e-19,1939,2414
620,AF-A0AA36MTU3-F1-model_v6,0.01,0.370,2103,2521
621,AF-A0A5E4QNF1-F1-model_v6,1.00,2.76e-13,1061,1516
622,AF-L8Y928-F1-model_v6,1.00,1.76e-8,126,495
623,AF-Q4S7Z5-F1-model_v6,1.00,4.76e-15,1,433
624,AF-A0A0M3KC92-F1-model_v6,1.00,1.09e-28,2038,2464
625,AF-A0A9Q9XTT8-F1-model_v6,1.00,1.18e-14,1,334
626,AF-A0A8C9Q8C8-F1-model_v6,1.00,2.13e-23,871,1232
627,AF-A0A6G1S433-F1-model_v6,1.00,3.13e-39,1963,2404
628,AF-A0A817LRA3-F1-model_v6,1.00,2.58e-24,1988,2415
629,AF-A0A915PF84-F1-model_v6,1.00,6.10e-15,2065,2520
630,AF-A0A835TXX3-F1-model_v6,1.00,4.02e-8,129,433
631,AF-A0A6A5DPM4-F1-model_v6,1.00,1.55e-13,1,395
632,AF-A0A4U5LX63-F1-model_v6,1.00,2.18e-10,1,407
633,AF-A0A1A9VXU8-F1-model_v6,1.00,5.15e-20,2070,2487
634,AF-A0A8C7ARI8-F1-model_v6,1.00,1.03e-34,2158,2431
635,AF-A0A8C6UCF1-F1-model_v6,1.00,8.58e-24,884,1307
636,AF-A0A5N5SNQ7-F1-model_v6,1.00,5.56e-18,1835,2270
637,AF-A0A7S3N1S7-F1-model_v6,1.00,3.90e-17,2060,2481
638,AF-A0A7S1EWR7-F1-model_v6,1.00,3.54e-13,2127,2517
639,MGYP000926044221,1.00,3.35e-2,558,957
640,AF-A0A1B6J0B9-F1-model_v6,1.00,2.71e-14,1,442
641,AF-A0A8D8WBM7-F1-model_v6,1.00,2.11e-7,1351,1847
642,AF-A0A8C9G456-F1-model_v6,1.00,1.31e-32,870,1236
643,AF-A0A1B6EJ04-F1-model_v6,1.00,5.00e-17,335,733
644,AF-L7MCG5-F1-model_v6,0.01,0.409,1,498
645,AF-A0A914YPY7-F1-model_v6,1.00,1.03e-29,2111,2521
646,AF-A0A6J2Y580-F1-model_v6,1.00,4.74e-20,1965,2360
647,AF-A0A822F568-F1-model_v6,1.00,4.54e-13,617,1065
648,AF-A0AAN8LAW1-F1-model_v6,1.00,1.36e-11,1484,1988
649,AF-A0A2G9R5J2-F1-model_v6,1.00,6.35e-27,1582,2134
650,AF-A0A8C0HRZ2-F1-model_v6,1.00,1.25e-23,870,1272
651,AF-A0A8E0RQW4-F1-model_v6,1.00,1.73e-4,335,712
652,MGYP001084979679,1.00,2.33e-4,406,723
653,AF-A0A8C1V2T1-F1-model_v6,1.00,8.36e-35,870,1271
654,AF-A0A8C9S4R7-F1-model_v6,1.00,3.75e-24,870,1263
655,AF-A0ABD6EWQ7-F1-model_v6,1.00,3.29e-10,1,363
656,AF-A0AAV6G8Z4-F1-model_v6,1.00,4.42e-24,1,403
657,AF-A0AAD9PAY0-F1-model_v6,1.00,7.28e-12,1336,1800
658,AF-A0A2I3H504-F1-model_v6,1.00,8.21e-36,2148,2459
659,AF-A0A3B1KH08-F1-model_v6,1.00,4.45e-26,2137,2431
660,AF-A0A4P9YBK6-F1-model_v6,1.00,7.85e-22,2066,2482
661,AF-A0A671FE17-F1-model_v6,1.00,1.03e-34,2159,2431
662,AF-A0A1Y3AZX3-F1-model_v6,1.00,1.84e-15,719,1116
663,AF-A0AAN9AFM6-F1-model_v6,1.00,9.57e-13,335,676
664,AF-A0A2G9P7X7-F1-model_v6,1.00,4.03e-27,830,1202
665,AF-A0A9Q9XTV9-F1-model_v6,1.00,3.09e-35,2123,2521
666,AF-A0A9Q1J915-F1-model_v6,1.00,5.23e-12,253,608
667,AF-A0A1B6H8Z1-F1-model_v6,1.00,1.12e-15,636,1069
668,AF-A0A212CB16-F1-model_v6,1.00,3.69e-13,1058,1401
669,AF-A0A6P8IR92-F1-model_v6,1.00,3.78e-14,1,425
670,AF-A0A182SNB2-F1-model_v6,1.00,7.97e-14,815,1212
671,AF-A0A6G1RKJ9-F1-model_v6,1.00,9.02e-14,1558,1967
672,AF-A0AAD3NHI1-F1-model_v6,1.00,4.56e-27,1919,2519
673,AF-A0A8S2TM37-F1-model_v6,1.00,3.59e-24,1985,2375
674,AF-G9L1K2-F1-model_v6,1.00,5.03e-38,985,1387
675,AF-A0A8C5QND5-F1-model_v6,1.00,2.28e-24,904,1264
676,AF-A0A673AB28-F1-model_v6,1.00,1.46e-21,882,1271
677,AF-A0AAV4T2Y5-F1-model_v6,1.00,2.10e-12,615,992
678,AF-A0A132A559-F1-model_v6,0.01,0.404,1,494
679,AF-A0A3P9HVJ2-F1-model_v6,1.00,6.39e-29,2115,2426
680,AF-A0A8T0DFV0-F1-model_v6,1.00,1.57e-12,5,340
681,AF-A0A6P8KEP4-F1-model_v6,1.00,5.57e-6,22,356
682,AF-A0A493SW24-F1-model_v6,1.00,8.04e-23,2152,2431
683,AF-A0A1D6MTE1-F1-model_v6,1.00,6.42e-5,1941,2182
684,AF-A0A2D4GX56-F1-model_v6,1.00,2.35e-15,1581,1969
685,AF-A0A9Q9XTU3-F1-model_v6,1.00,2.20e-26,1690,2108
686,AF-A0A3P7D5Q0-F1-model_v6,1.00,2.26e-15,933,1322
687,AF-A0A8B8GK71-F1-model_v6,1.00,9.86e-16,2122,2486
688,AF-A0A8D3AW86-F1-model_v6,1.00,3.37e-11,2089,2373
689,AF-E4Z1J3-F1-model_v6,1.00,5.69e-19,2188,2521
690,AF-C3ZYD6-F1-model_v6,1.00,6.04e-18,870,1265
691,AF-A0A340Y7Z5-F1-model_v6,1.00,5.81e-25,26,387
692,AF-A0A5S6Q588-F1-model_v6,1.00,1.19e-9,7,334
693,AF-A0A7S0GZM8-F1-model_v6,1.00,9.32e-5,7,332
694,AF-G3NS76-F1-model_v6,1.00,1.06e-6,129,434
695,AF-A0A4Y2T832-F1-model_v6,1.00,1.59e-16,1002,1393
696,AF-A0A452S1I9-F1-model_v6,1.00,6.15e-36,2100,2437
697,AF-A0A8C4Q810-F1-model_v6,1.00,5.52e-16,928,1272
698,AF-A0A9P0DL10-F1-model_v6,1.00,1.66e-16,2180,2521
699,AF-A0A0B7AES0-F1-model_v6,1.00,1.20e-11,337,669
700,AF-A0A182SZF9-F1-model_v6,1.00,2.36e-22,2180,2521
701,AF-A0A9N9MID0-F1-model_v6,1.00,1.54e-6,1080,1475
702,AF-A0A2I0LGP8-F1-model_v6,1.00,9.51e-30,2007,2521
703,AF-A0A8K0GG67-F1-model_v6,1.00,2.10e-12,1,389
704,AF-A0A183J8J1-F1-model_v6,1.00,1.79e-7,1344,1800
705,AF-A0A0M3IZK1-F1-model_v6,1.00,2.67e-22,1955,2310
706,AF-A0A3P6TBY3-F1-model_v6,1.00,8.00e-9,438,708
707,AF-A0A4Y2N4B1-F1-model_v6,1.00,1.68e-6,45,334
708,AF-A0A0B1TC86-F1-model_v6,1.00,1.15e-6,56,339
709,AF-A0AAF3EXU4-F1-model_v6,1.00,9.73e-12,407,706
710,AF-A7RMM5-F1-model_v6,1.00,2.51e-16,952,1322
711,AF-D8M022-F1-model_v6,1.00,2.42e-11,2111,2434
712,AF-A0A9Q0BKV6-F1-model_v6,0.01,0.439,1,409
713,MGYP001808524315,0.98,4.20e-1,409,708
714,AF-A0A182G145-F1-model_v6,0.00,0.315,169,664
715,AF-A0AAE0F8A4-F1-model_v6,1.00,2.09e-10,1989,2371
716,AF-A0A183HCD1-F1-model_v6,1.00,1.79e-7,1442,1849
717,AF-A0ABD2HDG7-F1-model_v6,1.00,1.18e-26,2175,2521
718,AF-A0A183VD39-F1-model_v6,1.00,1.03e-10,1,331
719,MGYP004143766219,1.00,1.40e-2,8,330
720,AF-A0A8C5MLX6-F1-model_v6,1.00,1.17e-29,2151,2437
721,AF-A0AAD9NNZ4-F1-model_v6,1.00,1.10e-11,792,1210
722,AF-A0A2S2NEI4-F1-model_v6,1.00,1.81e-11,1,344
723,AF-T1JJ10-F1-model_v6,1.00,3.46e-12,15,334
724,AF-A0A0M3K218-F1-model_v6,1.00,2.74e-4,972,1304
725,AF-A0A2P6NPF4-F1-model_v6,1.00,2.97e-16,2143,2521
726,AF-A0A2M3Z5M4-F1-model_v6,1.00,6.41e-17,1868,2222
727,AF-A0A1I8IJZ5-F1-model_v6,1.00,1.11e-8,2,334
728,AF-A0AAN8F2L5-F1-model_v6,1.00,1.74e-11,1004,1323
729,AF-A0A1B8XSU9-F1-model_v6,1.00,5.06e-21,1994,2366
730,AF-A0A8S3RJQ7-F1-model_v6,1.00,9.73e-12,487,830
731,AF-A0AAY4CM27-F1-model_v6,1.00,3.82e-11,2154,2430
732,AF-A0A2G9TQB7-F1-model_v6,1.00,6.78e-9,1506,2107
733,AF-A0A6F9ATH3-F1-model_v6,1.00,5.32e-11,335,712
734,AF-A0A8T3D2L5-F1-model_v6,1.00,2.51e-16,1,310
735,AF-A0A8D0GQJ7-F1-model_v6,1.00,1.69e-15,2158,2431
736,AF-A0A1Y3B0P7-F1-model_v6,1.00,1.71e-12,432,712
737,AF-A0A1S3QTI3-F1-model_v6,1.00,3.89e-10,1,284
738,AF-A0A4Z2ELG7-F1-model_v6,1.00,7.85e-22,726,1069
739,AF-A0A817ZTM7-F1-model_v6,1.00,3.73e-10,3,334
740,MGYP002649313278,1.00,8.80e-18,2184,2492
741,AF-A0A6M2D0W9-F1-model_v6,0.01,0.457,1,365
742,AF-A0A0R3TBA5-F1-model_v6,0.00,0.367,626,1126
743,AF-A0A6B2EFU6-F1-model_v6,1.00,4.81e-12,1,332
744,AF-A0A9Y4NNJ4-F1-model_v6,1.00,1.18e-7,110,402
745,AF-A0A2G9QGA6-F1-model_v6,1.00,1.24e-14,1099,1338
746,AF-A0A6J2Y2Q0-F1-model_v6,1.00,4.90e-11,1904,2179
747,AF-A0A368GKN7-F1-model_v6,0.01,0.442,858,1938
748,AF-A0A3Q0J524-F1-model_v6,1.00,9.06e-9,1086,1359
749,AF-A0A6I9MRK6-F1-model_v6,1.00,7.88e-17,779,1068
750,AF-A0A670I0W2-F1-model_v6,1.00,1.12e-15,2127,2438
751,AF-A0AAD9CQD2-F1-model_v6,1.00,3.40e-20,1,332
752,AF-A0A6J8CMV1-F1-model_v6,1.00,1.26e-13,1,334
753,AF-A0A6A7GE54-F1-model_v6,1.00,1.51e-12,2005,2343
754,AF-A0A0Q9WVM2-F1-model_v6,1.00,3.66e-4,112,433
755,AF-A0A5C6PG30-F1-model_v6,1.00,1.03e-22,2235,2519
756,AF-A0A0R3VWS1-F1-model_v6,1.00,7.27e-5,114,424
757,AF-A0A7S0V5N2-F1-model_v6,1.00,1.15e-6,1951,2195
758,AF-A0A672LET4-F1-model_v6,1.00,8.11e-13,2151,2413
759,AF-A0A8D9BT13-F1-model_v6,1.00,4.14e-4,465,877
760,AF-A0AAR5PH95-F1-model_v6,1.00,6.66e-10,826,1149
761,AF-A0A3Q1FWF1-F1-model_v6,1.00,3.74e-17,2225,2431
762,AF-L8IRV3-F1-model_v6,1.00,1.60e-18,22,335
763,AF-A0A484D665-F1-model_v6,1.00,5.16e-8,92,390
764,AF-A0A811UNW6-F1-model_v6,1.00,2.68e-10,1,334
765,AF-A0A7S1JC18-F1-model_v6,1.00,1.54e-6,1933,2201
766,MGYP003976619017,1.00,1.08e-3,18,334
767,AF-A0AAN8IK24-F1-model_v6,1.00,3.23e-4,742,998
768,AF-A0AAD7R7M0-F1-model_v6,1.00,3.60e-12,1157,1475
769,AF-A0A3Q3AJ54-F1-model_v6,0.00,0.346,1992,2428
770,AF-A0AAR5PG41-F1-model_v6,1.00,1.62e-8,1,334
771,AF-A0A6I9Z0X9-F1-model_v6,1.00,5.66e-17,198,513
772,AF-A0A822CMU4-F1-model_v6,1.00,1.84e-15,2121,2413
773,AF-A0AAR5PBX4-F1-model_v6,1.00,9.34e-12,2140,2423
774,AF-A0A8C6X240-F1-model_v6,1.00,9.40e-14,2151,2432
775,AF-A0A1S3QV79-F1-model_v6,1.00,2.06e-6,180,452
776,AF-A0A8T2NQ65-F1-model_v6,1.00,2.09e-10,544,830
777,AF-A0AAV7Y9L0-F1-model_v6,1.00,1.65e-2,1867,2110
778,AF-A0A5J5CDK9-F1-model_v6,1.00,1.67e-18,1912,2209
779,MGYP000968413431,1.00,3.58e-3,1,334
780,AF-A0A3B3YH69-F1-model_v6,1.00,1.32e-15,870,1152
781,AF-A0A3S1GYC3-F1-model_v6,1.00,9.73e-12,588,930
782,AF-A0A2A2KLA2-F1-model_v6,1.00,4.64e-7,757,1067
783,AF-A0AAV8VC63-F1-model_v6,1.00,9.71e-5,1153,1442
784,AF-A0A8S3YZY5-F1-model_v6,1.00,1.27e-10,1,332
785,AF-A0A6P4F8A0-F1-model_v6,1.00,4.77e-3,106,334
786,AF-A0A6G0YNA4-F1-model_v6,1.00,8.37e-4,564,875
787,AF-A0A3Q4I3S6-F1-model_v6,1.00,1.32e-27,2138,2431
788,AF-A0A8X8BPN0-F1-model_v6,1.00,6.16e-5,182,421
789,MGYP001814753479,0.20,9.79e+0,2380,2448
790,AF-A0A8C6U9M5-F1-model_v6,1.00,3.40e-13,2160,2430
791,AF-A0A8S3RJ36-F1-model_v6,1.00,5.74e-9,52,362
792,AF-A0A0B7AHW3-F1-model_v6,0.00,0.448,1,324
793,AF-A0A1A6FZK6-F1-model_v6,1.00,8.30e-14,2053,2349
794,AF-A0A8B7QJD2-F1-model_v6,1.00,2.55e-8,1,279
795,MGYP000871480311,1.00,3.03e-3,1,334
796,AF-T1KNZ3-F1-model_v6,1.00,5.78e-11,1907,2169
797,AF-A0AB40DK97-F1-model_v6,1.00,6.65e-3,187,552
798,AF-A0A974HE65-F1-model_v6,1.00,2.56e-22,2225,2521
799,AF-A0A8K9Y235-F1-model_v6,1.00,4.65e-14,2152,2426
800,AF-A0ABC9HHQ9-F1-model_v6,1.00,7.49e-8,1703,2053
801,AF-A0ABD2QNI8-F1-model_v6,1.00,1.62e-3,1443,1808
802,AF-A0A6V7M724-F1-model_v6,1.00,4.87e-9,25,337
803,AF-A0A3P7JS90-F1-model_v6,1.00,9.22e-8,2218,2438
804,AF-A0ABD0Y9M1-F1-model_v6,1.00,9.78e-7,96,334
805,AF-A0A212CB84-F1-model_v6,1.00,4.34e-6,1653,1882
806,AF-A0A4Z2JFU7-F1-model_v6,1.00,8.23e-5,1,195
807,AF-A0A443SKC9-F1-model_v6,1.00,3.51e-4,23,284
808,AF-A0A182SS01-F1-model_v6,1.00,1.69e-15,1888,2177
809,AF-A0A0B2V010-F1-model_v6,1.00,7.51e-15,2252,2521
810,AF-A0A8C5GF00-F1-model_v6,1.00,1.06e-11,2152,2413
811,AF-A0A8C6U0L7-F1-model_v6,1.00,4.59e-10,2147,2327
812,AF-A0A8J2LZ33-F1-model_v6,1.00,8.03e-4,955,1231
813,AF-A0A914YCQ6-F1-model_v6,1.00,5.91e-5,535,734
814,AF-A0A9R0AQT2-F1-model_v6,1.00,5.92e-12,2128,2348
815,AF-A0A7S3CLZ0-F1-model_v6,1.00,2.83e-2,2032,2176
816,AF-A0AAV6Z432-F1-model_v6,1.00,5.23e-31,2171,2438
817,AF-A0AAR5PES9-F1-model_v6,1.00,1.44e-5,93,347
818,AF-A0AA88IAZ9-F1-model_v6,1.00,2.78e-15,1965,2229
819,AF-V9IK95-F1-model_v6,1.00,7.19e-8,475,712
820,AF-A0A914MI56-F1-model_v6,1.00,1.08e-5,432,715
821,AF-A0A817XFG8-F1-model_v6,1.00,7.89e-5,1065,1265
822,AF-A0A9Q1HZ82-F1-model_v6,1.00,7.58e-24,2254,2521
823,AF-A0A820BCK6-F1-model_v6,1.00,6.50e-9,1989,2259
824,MGYP003564757857,1.00,5.27e-7,407,664
825,AF-A0A183HEN9-F1-model_v6,1.00,4.14e-4,211,470
826,AF-A0AAD9BJM7-F1-model_v6,1.00,5.45e-12,2225,2519
827,AF-A0A0S7EXS0-F1-model_v6,1.00,2.45e-8,1653,1875
828,AF-A0A7L1ZE62-F1-model_v6,1.00,3.40e-13,889,1151
829,AF-A0A0B7AR44-F1-model_v6,1.00,3.80e-9,917,1169
830,AF-A0A0L8GD86-F1-model_v6,1.00,2.25e-8,1,283
831,AF-A0A151LZN4-F1-model_v6,1.00,5.82e-13,368,624
832,AF-H3D0X4-F1-model_v6,1.00,1.60e-4,192,408
833,AF-A0A158QCP7-F1-model_v6,1.00,1.07e-8,958,1213
834,AF-A0A8C3XJ48-F1-model_v6,1.00,1.15e-11,2154,2428
835,AF-A0A7R9DV82-F1-model_v6,1.00,5.64e-10,2048,2239
836,AF-A0A151P1F8-F1-model_v6,1.00,3.48e-14,1157,1405
837,AF-A0A1D2MXR2-F1-model_v6,1.00,2.97e-4,93,334
838,AF-F7FJ62-F1-model_v6,0.11,9.84e+0,543,737
839,AF-A5WUU9-F1-model_v6,0.33,4.30e+0,543,778
840,AF-Q8I628-F1-model_v6,0.28,4.67e+0,571,803
841,AF-A0A7S3NTQ2-F1-model_v6,1.00,2.24e-6,2065,2303
842,AF-Q99N09-F1-model_v6,0.38,4.48e+0,542,765
843,AF-A0A9Q1J7Z8-F1-model_v6,1.00,5.70e-7,1,229
844,AF-A0AA36H2F3-F1-model_v6,0.60,9.36e+0,556,775
845,AF-A0A3P7LZL4-F1-model_v6,1.00,1.51e-12,1987,2229
846,ProtVar_Q13425_Q14714_B,0.13,3.71e+0,358,560
847,A0A6J5Q163,0.09,3.44e+0,2294,2410
848,AF-A0A8M9PDZ8-F1-model_v6,0.21,6.24e+0,4,181
849,AF-A0A2D4GEN0-F1-model_v6,1.00,1.46e-21,2260,2496
850,AF-A0A7K4M2A1-F1-model_v6,1.00,1.15e-11,807,994
851,AF-A0AAV1Q4S4-F1-model_v6,1.00,3.37e-4,192,334
852,AF-A0A8J4UTM1-F1-model_v6,1.00,3.73e-10,1113,1386
853,AF-A0A0N4WCJ1-F1-model_v6,1.00,6.81e-4,535,729
854,AF-A9UTL7-F1-model_v6,1.00,2.07e-8,2008,2243
855,A0A345MQM9,0.10,6.96e+0,147,351
856,A0A345MR70,0.08,6.96e+0,2207,2333
857,4pkx-assembly1_A,1.00,8.79e-10,2209,2426
858,AF-A0A4W4FY12-F1-model_v6,1.00,7.41e-11,2160,2399
859,AF-V5DJU7-F1-model_v6,1.00,2.80e-5,2015,2229
860,AF-A0A060WR02-F1-model_v6,1.00,5.61e-8,1654,1871
861,AF-A0A7L0N4B7-F1-model_v6,1.00,1.40e-9,889,1151
862,AF-A0A8D8NGZ5-F1-model_v6,1.00,7.63e-7,1,241
863,AF-A0A8T2NTM8-F1-model_v6,1.00,2.88e-13,976,1200
864,AF-A0A151MZ28-F1-model_v6,1.00,1.83e-8,147,367
865,AF-A0A1E1VZ39-F1-model_v6,1.00,8.23e-5,1099,1303
866,MGYP003588615151,1.00,1.55e-6,882,1119
867,AF-A0A8S3Z5N8-F1-model_v6,1.00,4.45e-7,535,713
868,AF-A0ABD0N4J5-F1-model_v6,0.00,0.365,1653,1867
869,AF-A0A3P7JHJ4-F1-model_v6,1.00,1.04e-7,1957,2153
870,AF-A9UT35-F1-model_v6,1.00,3.93e-7,2008,2221
871,AF-A0A0S7EMA5-F1-model_v6,1.00,1.17e-17,2234,2448
872,AF-K7TXM7-F1-model_v6,0.21,9.84e+0,1,192
873,AF-Q7XKE1-F1-model_v6,0.15,9.84e+0,1,192
874,AF-A5D7M8-F1-model_v6,1.00,6.46e-7,534,733
875,AF-A0A3P7DXQ6-F1-model_v6,1.00,4.04e-6,1938,2141
876,AF-A0A7K9DJG0-F1-model_v6,1.00,2.54e-13,807,994
877,AF-B7P8T0-F1-model_v6,1.00,7.06e-9,2324,2521
878,AF-A0A820UGJ7-F1-model_v6,1.00,9.61e-8,2088,2249
879,AF-A0A1B0CBS2-F1-model_v6,1.00,3.05e-5,554,769
880,4pke-assembly1_A,1.00,1.74e-8,2209,2425
881,AF-L1JJU6-F1-model_v6,1.00,1.85e-5,2007,2199
882,AF-A0A6J2Y317-F1-model_v6,1.00,1.38e-3,2233,2425
883,MGYP003659983324,1.00,7.52e-8,1950,2155
884,AF-A2Q5Z4-F1-model_v6,1.00,2.10e-5,2005,2192
885,3.90.950.10 O14141 27-232,0.28,4.18e-1,2236,2344
886,AF-A0A1B6HUV1-F1-model_v6,1.00,3.45e-5,1064,1258
887,1.20.140.150 Q9LF03 1-183,0.10,8.61e+0,2,164
888,AF-A0A0M3J5J3-F1-model_v6,1.00,4.32e-4,553,725
889,AF-A0A091QV06-F1-model_v6,1.00,2.73e-16,2324,2521
890,AF-A0A368GKL3-F1-model_v6,1.00,3.88e-3,535,727
891,AF-G9L1K0-F1-model_v6,1.00,9.57e-13,529,723
892,AF-A0A0K0DK96-F1-model_v6,1.00,9.48e-4,179,340
893,3.90.950.10 O14141 27-232,0.28,4.18e-1,2236,2344
894,AF-A0A7J8DK34-F1-model_v6,1.00,9.48e-4,1,154
895,AF-A0AAD7R7T5-F1-model_v6,0.00,0.351,1,152
896,AF-A0A060WRK2-F1-model_v6,1.00,6.42e-5,167,334
897,A0A1B0WLX0,0.08,7.88e+0,2367,2414
898,MGYP003571918360,1.00,2.02e-5,7,202
899,4lu1-assembly1_A,0.08,8.16e+0,2250,2345
900,AF-A0A6I9PNS9-F1-model_v6,1.00,1.53e-9,885,1068
901,AF-A0A091WF12-F1-model_v6,1.00,3.78e-14,807,994
902,AF-A0A852EBI6-F1-model_v6,1.00,1.48e-13,808,994
903,AF-A0A1Y3AKM2-F1-model_v6,1.00,8.54e-10,1976,2163
904,AF-F6QJE4-F1-model_v6,1.00,4.37e-8,2122,2308
905,MGYP003539167077,0.95,6.47e+0,2,146
906,AF-A0A915IGZ2-F1-model_v6,1.00,6.65e-3,184,334
907,1.20.140.150 Q9LF03 1-183,0.10,8.61e+0,2,164
908,MGYP003282801336,0.14,8.29e+0,2238,2346
909,AF-P90908-F1-model_v6,0.00,0.313,971,1559
910,MGYP002712517963,1.00,1.05e-2,1153,1310
911,MGYP003477358506,1.00,3.41e-1,419,568
912,AF-A0A0P7W6D9-F1-model_v6,1.00,2.39e-7,983,1153
913,AF-H3DBK4-F1-model_v6,1.00,2.99e-6,182,340
914,AF-A0AAN8FDY5-F1-model_v6,1.00,4.42e-5,179,335
915,MGYP001590773217,0.94,3.77e+0,1657,1802
916,AF-A0A7S4DTL4-F1-model_v6,0.00,0.317,813,1306
917,AF-A0A161M2S1-F1-model_v6,1.00,1.34e-7,2141,2310
918,MGYP003387015629,1.00,1.46e+0,1667,1807
919,MGYP001416617548,0.23,7.32e+0,2265,2344
920,1.20.140.150 Q9LF03 1-183,0.10,8.61e+0,2,164
921,AF-A0A1Y3BM33-F1-model_v6,1.00,2.45e-8,2188,2348
922,AF-A0A1S4EIH6-F1-model_v6,1.00,1.32e-8,2007,2184
923,AF-A0A091M6A8-F1-model_v6,1.00,4.22e-10,2355,2520
924,AF-A0A7L0XZD8-F1-model_v6,1.00,2.42e-11,807,967
925,AF-A0A4U5VGN9-F1-model_v6,1.00,2.74e-4,198,334
926,AF-A0A2P4S4L5-F1-model_v6,1.00,4.78e-10,771,930
927,AF-A0A6I9MZX9-F1-model_v6,1.00,3.01e-8,566,712
928,ProtVar_B7ZAQ6_Q13021_B,0.08,5.17e+0,1958,2081
929,2.60.40.1820 A0A0N7KN40 103-244,0.06,9.35e+0,2202,2331
930,A0A6J7WZ05,0.12,4.23e+0,2383,2470
931,MGYP002234551852,0.15,9.39e+0,2236,2344
932,MGYP003439259874,0.92,4.10e+0,214,334
933,AF-A0A0T6BBD2-F1-model_v6,1.00,2.21e-2,1,131
934,A0A3T0IEA9,0.12,6.14e+0,2209,2333
935,2.40.30.30 P0AG40 187-311,0.08,4.63e+0,2382,2452
936,A0A8S5L4V6,0.06,6.67e+0,2259,2344
937,A0A8S5SMA1,0.05,7.88e+0,2206,2327
938,AF-A0A1A8JTR3-F1-model_v6,1.00,5.22e-5,2211,2328
939,H9NBU2,0.06,5.89e+0,2203,2332
940,A0A1L3KIL5,0.04,8.92e+0,2264,2347
941,3.10.440.10 A4IBL9 65-182,0.14,6.18e+0,2376,2421
942,2qud-assembly1_B,0.06,7.83e+0,2265,2348
943,A0A8S5L0T3,0.03,9.69e+0,2263,2348
944,A0A514CU95,0.06,4.99e+0,2304,2412
945,2.60.40.10 K7M2Q3 104-208,0.12,2.59e+0,2201,2327
946,A0A4P8W7L3,0.12,4.60e+0,2331,2420
947,A0A1B0WLV9,0.04,8.21e+0,2261,2346
948,A0A6G5YKC7,0.06,6.14e+0,2269,2344
