,identifier,cluster,size,is_representative,identity
0,AF-Q9H5I5-2-F1-mode,0,2689,True,100.0
1,AF-Q9H5I5-2-F1-mode,0,2689,False,100.0
2,AF-Q9H5I5-2-F1-mode,0,2689,False,100.0
3,AF-H2NVU7-F1-model_,0,1245,False,97.75
4,AF-A0A8C6W4L5-F1-mo,0,1047,False,91.31
5,AF-A0A2J8RFR7-F1-mo,0,611,False,99.18
6,AF-A0A2J8JZJ6-F1-mo,0,595,False,93.45
7,AF-U6DH90-F1-model_,0,330,False,96.97
8,AF-A0A2J8JZK3-F1-mo,0,596,False,97.65
9,AF-U6DQK6-F1-model_,0,490,False,96.12
10,AF-G3TBB6-F1-model_,0,499,False,91.18
11,AF-A0A5E4DIA1-F1-mo,0,220,False,98.18
12,AF-A0A1A8NAR5-F1-mo,0,145,False,93.79
13,AF-A0A2J8JZL4-F1-mo,0,192,False,100.0
14,AF-Q9H5I5-2-F1-mode,0,2689,False,100.0
15,AF-Q9H5I5-2-F1-mode,0,2689,False,100.0
16,AF-Q9H5I5-2-F1-mode,0,2689,False,100.0
17,AF-A0A2J8JZJ6-F1-mo,0,595,False,93.45
18,AF-U6DH90-F1-model_,0,330,False,96.97
19,AF-A0A2J8RFR7-F1-mo,0,611,False,99.18
20,AF-A0A5E4DIA1-F1-mo,0,220,False,98.18
21,AF-A0A8C6W4L5-F1-mo,0,1047,False,91.31
22,AF-A0A1A8NAR5-F1-mo,0,145,False,93.79
23,AF-U6DQK6-F1-model_,0,490,False,96.12
24,AF-H2NVU7-F1-model_,0,1245,False,97.75
25,AF-A0A2J8JZL4-F1-mo,0,192,False,100.0
26,AF-A0A2J8JZK3-F1-mo,0,596,False,97.65
27,AF-G3TBB6-F1-model_,0,499,False,91.18
28,AF-A0AB32U1Q1-F1-mo,1,2651,True,100.0
29,AF-A0AB32U1Q1-F1-mo,1,2651,False,100.0
30,AF-A0AB32U1Q1-F1-mo,1,2651,False,100.0
31,AF-A0AB32U1Q1-F1-mo,1,2651,False,100.0
32,AF-Q4DD73-F1-model_,2,2137,False,97.61
33,AF-Q4DXU9-F1-model_,2,2598,True,100.0
34,AF-Q4DD73-F1-model_,2,2137,False,97.61
35,AF-Q4DXU9-F1-model_,2,2598,False,100.0
36,AF-K2MPX9-F1-model_,2,871,False,91.04
37,AF-Q4DD73-F1-model_,2,2137,False,97.61
38,AF-Q4DXU9-F1-model_,2,2598,False,100.0
39,AF-Q4DD73-F1-model_,2,2137,False,97.61
40,AF-Q4DXU9-F1-model_,2,2598,False,100.0
41,AF-K2MPX9-F1-model_,2,871,False,91.04
42,AF-M9MSG8-F1-model_,3,2551,True,100.0
43,AF-M9MSG8-F1-model_,3,2551,False,100.0
44,AF-M9MSG8-F1-model_,3,2551,False,100.0
45,AF-A0A6P4EDF8-F1-mo,3,457,False,93.65
46,AF-A0A6P4EL26-F1-mo,3,254,False,97.64
47,AF-M9MSG8-F1-model_,3,2551,False,100.0
48,AF-M9MSG8-F1-model_,3,2551,False,100.0
49,AF-M9MSG8-F1-model_,3,2551,False,100.0
50,AF-A0A6P4EDF8-F1-mo,3,457,False,93.65
51,AF-A0A6P4EL26-F1-mo,3,254,False,97.64
52,AF-Q0KL00-F1-model_,4,2535,False,94.12
53,AF-E2JF22-F1-model_,4,2547,True,100.0
54,AF-Q0KL00-F1-model_,4,2535,False,94.12
55,AF-E2JF22-F1-model_,4,2547,False,100.0
56,AF-F6QY99-F1-model_,4,1003,False,95.11
57,AF-Q811I7-F1-model_,4,1085,False,93.46
58,AF-A0A2D4FS15-F1-mo,4,180,False,92.22
59,4rax-assembly1_A,4,227,False,100.0
60,AF-Q0KL00-F1-model_,4,2535,False,94.12
61,AF-E2JF22-F1-model_,4,2547,False,100.0
62,AF-Q0KL00-F1-model_,4,2535,False,94.12
63,AF-E2JF22-F1-model_,4,2547,False,100.0
64,AF-F6QY99-F1-model_,4,1003,False,95.11
65,AF-Q811I7-F1-model_,4,1085,False,93.46
66,AF-A0A2D4FS15-F1-mo,4,180,False,92.22
67,4rax-assembly1_A,4,227,False,100.0
68,AF-A0A8N7TDV6-F1-mo,5,2538,True,100.0
69,AF-A0A8N7TDV6-F1-mo,5,2538,False,100.0
70,AF-A0A8N7TDV6-F1-mo,5,2538,False,100.0
71,AF-A0A8N7TDV6-F1-mo,5,2538,False,100.0
72,AF-Q92508-F1-model_,6,2521,True,100.0
73,AF-Q92508-F1-model_,6,2521,False,100.0
74,AF-Q92508-F1-model_,6,2521,False,100.0
75,AF-Q92508-F1-model_,6,2521,False,100.0
76,AF-A0A804N3J1-F1-mo,7,2505,True,100.0
77,AF-A0A804N3J1-F1-mo,7,2505,False,100.0
78,AF-A0A1D6MTE4-F1-mo,7,789,False,98.99
79,AF-A0A1D6MTE7-F1-mo,7,491,False,98.78
80,AF-A0A1D6MTF2-F1-mo,7,851,False,100.0
81,AF-A0A804N3J1-F1-mo,7,2505,False,100.0
82,AF-A0A804N3J1-F1-mo,7,2505,False,100.0
83,AF-A0A1D6MTF2-F1-mo,7,851,False,100.0
84,AF-A0A1D6MTE4-F1-mo,7,789,False,98.99
85,AF-A0A1D6MTE7-F1-mo,7,491,False,98.78
86,AF-Q8CD54-2-F1-mode,8,2504,True,100.0
87,AF-Q8CD54-3-F1-mode,8,644,False,97.83
88,AF-Q8CD54-2-F1-mode,8,2504,False,100.0
89,AF-G7NKB6-F1-model_,8,883,False,93.43
90,AF-Q8CD54-2-F1-mode,8,2504,False,100.0
91,AF-Q8CD54-3-F1-mode,8,644,False,97.83
92,AF-Q8CD54-2-F1-mode,8,2504,False,100.0
93,AF-G7NKB6-F1-model_,8,883,False,93.43
94,AF-K7LGZ8-F1-model_,9,2483,True,100.0
95,AF-K7K8F8-F1-model_,9,2482,False,95.69
96,AF-K7LGZ8-F1-model_,9,2483,False,100.0
97,AF-K7K8F8-F1-model_,9,2482,False,95.69
98,AF-F4IN58-F1-model_,10,2462,True,100.0
99,AF-F4IN58-F1-model_,10,2462,False,100.0
100,AF-A0A397Z990-F1-mo,10,438,False,96.8
101,AF-F4IN58-F1-model_,10,2462,False,100.0
102,AF-F4IN58-F1-model_,10,2462,False,100.0
103,AF-A0A397Z990-F1-mo,10,438,False,96.8
104,AF-A0A061ACU2-6-F1-,11,2440,False,99.96
105,AF-A0A061ACU2-2-F1-,11,2438,False,100.0
106,AF-A0A061ACU2-4-F1-,11,2440,False,100.0
107,AF-A0A061ACU2-F1-mo,11,2442,True,100.0
108,AF-A0A061ACU2-11-F1,11,1686,False,100.0
109,AF-A0A061ACU2-9-F1-,11,1704,False,96.65
110,AF-A0A061ACU2-12-F1,11,1038,False,100.0
111,AF-A0A061ACU2-6-F1-,11,2440,False,99.96
112,AF-A0A061ACU2-2-F1-,11,2438,False,100.0
113,AF-A0A061ACU2-4-F1-,11,2440,False,100.0
114,AF-A0A061ACU2-F1-mo,11,2442,False,100.0
115,AF-A0A061ACU2-11-F1,11,1686,False,100.0
116,AF-A0A061ACU2-9-F1-,11,1704,False,96.65
117,AF-A0A061ACU2-12-F1,11,1038,False,100.0
118,AF-A0A061ACU2-F1-mo,11,2442,False,100.0
119,AF-A0A061ACU2-12-F1,11,1038,False,100.0
120,AF-A0A061ACU2-11-F1,11,1686,False,100.0
121,AF-A0A061ACU2-9-F1-,11,1704,False,96.65
122,AF-A0A061ACU2-6-F1-,11,2440,False,99.96
123,AF-A0A061ACU2-2-F1-,11,2438,False,100.0
124,AF-A0A061ACU2-4-F1-,11,2440,False,100.0
125,AF-A0A061ACU2-F1-mo,11,2442,False,100.0
126,AF-A0A061ACU2-12-F1,11,1038,False,100.0
127,AF-A0A061ACU2-11-F1,11,1686,False,100.0
128,AF-A0A061ACU2-9-F1-,11,1704,False,96.65
129,AF-A0A061ACU2-6-F1-,11,2440,False,99.96
130,AF-A0A061ACU2-2-F1-,11,2438,False,100.0
131,AF-A0A061ACU2-4-F1-,11,2440,False,100.0
132,AF-A0A061ACU2-F1-mo,11,2442,False,100.0
133,AF-A0A061ACU2-12-F1,11,1038,False,100.0
134,AF-A0A061ACU2-F1-mo,11,2442,False,100.0
135,AF-A0A061ACU2-12-F1,11,1038,False,100.0
136,AF-A0A061ACU2-5-F1-,12,2402,False,100.0
137,AF-A0A061ACU2-7-F1-,12,2402,False,99.96
138,AF-A0A061ACU2-3-F1-,12,2400,False,100.0
139,AF-A0A061ACU2-8-F1-,12,2404,True,100.0
140,AF-A0A061ACU2-5-F1-,12,2402,False,100.0
141,AF-A0A061ACU2-7-F1-,12,2402,False,99.96
142,AF-A0A061ACU2-3-F1-,12,2400,False,100.0
143,AF-A0A061ACU2-8-F1-,12,2404,False,100.0
144,AF-A0A061ACU2-5-F1-,12,2402,False,100.0
145,AF-A0A061ACU2-3-F1-,12,2400,False,100.0
146,AF-A0A061ACU2-7-F1-,12,2402,False,99.96
147,AF-A0A061ACU2-8-F1-,12,2404,False,100.0
148,AF-A0A061ACU2-5-F1-,12,2402,False,100.0
149,AF-A0A061ACU2-3-F1-,12,2400,False,100.0
150,AF-A0A061ACU2-7-F1-,12,2402,False,99.96
151,AF-A0A061ACU2-8-F1-,12,2404,False,100.0
152,AF-A0A8R1XXW9-F1-mo,13,2372,True,100.0
153,AF-A0A182DWL9-F1-mo,13,1031,False,97.96
154,AF-A0A8R1XXW9-F1-mo,13,2372,False,100.0
155,AF-A0A182DWL9-F1-mo,13,1031,False,97.96
156,AF-A0A126GUQ2-F1-mo,14,2326,True,100.0
157,AF-A0A126GUQ2-F1-mo,14,2326,False,100.0
158,AF-A0A0J9TTG7-F1-mo,14,413,False,92.49
159,AF-A0A126GUQ2-F1-mo,14,2326,False,100.0
160,AF-A0A126GUQ2-F1-mo,14,2326,False,100.0
161,AF-A0A0J9TTG7-F1-mo,14,413,False,92.49
162,AF-A0A6P8K3S4-F1-mo,14,293,False,90.1
163,AF-A0AAF5DNU2-F1-mo,15,2316,False,99.48
164,AF-A0AAF5DN64-F1-mo,15,2326,True,100.0
165,AF-A0AAF5DN64-F1-mo,15,2326,False,100.0
166,AF-A0AAF5DNU2-F1-mo,15,2316,False,99.48
167,AF-A0AAF5DN64-F1-mo,15,2326,False,100.0
168,AF-A0AAF5DN64-F1-mo,15,2326,False,100.0
169,AF-A0A4E9EUW2-F1-mo,16,2318,True,100.0
170,AF-A0A4E9EUW2-F1-mo,16,2318,False,100.0
171,AF-A0A1I9GDM3-F1-mo,16,588,False,100.0
172,AF-A0A0R3QSP2-F1-mo,16,435,False,98.39
173,AF-A0A4E9EUW2-F1-mo,16,2318,False,100.0
174,AF-A0A4E9EUW2-F1-mo,16,2318,False,100.0
175,AF-A0A0R3QSP2-F1-mo,16,435,False,98.39
176,AF-A0A1I9GDM3-F1-mo,16,588,False,100.0
177,AF-K7MZZ7-F1-model_,17,2138,True,100.0
178,AF-K7MZZ7-F1-model_,17,2138,False,100.0
179,AF-K7MZZ7-F1-model_,17,2138,False,100.0
180,AF-K7MZZ7-F1-model_,17,2138,False,100.0
181,AF-A0A4E9F501-F1-mo,18,2024,True,100.0
182,AF-A0A3P7FEF7-F1-mo,18,853,False,90.62
183,AF-A0A4E9F501-F1-mo,18,2024,False,100.0
184,AF-A0A3P7FEF7-F1-mo,18,853,False,90.62
185,AF-A0A4E9F501-F1-mo,18,2024,False,100.0
186,AF-A0A3P7FEF7-F1-mo,18,853,False,90.62
187,AF-A0A4E9F501-F1-mo,18,2024,False,100.0
188,AF-A0A3P7FEF7-F1-mo,18,853,False,90.62
189,AF-A0A158Q5L0-F1-mo,19,1937,True,100.0
190,AF-A0A158Q5L0-F1-mo,19,1937,False,100.0
191,AF-A0A158Q5L0-F1-mo,19,1937,False,100.0
192,AF-A0A158Q5L0-F1-mo,19,1937,False,100.0
193,AF-A4I9U0-F1-model_,20,1864,True,100.0
194,AF-A4I9U0-F1-model_,20,1864,False,100.0
195,AF-A4I9U0-F1-model_,20,1864,False,100.0
196,AF-A4I9U0-F1-model_,20,1864,False,100.0
197,AF-A0A0N4U6X9-F1-mo,21,1855,True,100.0
198,AF-A0A0N4U6X9-F1-mo,21,1855,False,100.0
199,AF-A0A0N4U6X9-F1-mo,21,1855,False,100.0
200,AF-A0A0N4U6X9-F1-mo,21,1855,False,100.0
201,6kg7-assembly1_A,22,1817,True,100.0
202,6kg7-assembly1_A,22,1817,False,100.0
203,AF-A0A077Z8J1-F1-mo,23,1801,True,100.0
204,AF-A0A077Z8J1-F1-mo,23,1801,False,100.0
205,AF-A0A077Z8J1-F1-mo,23,1801,False,100.0
206,AF-A0A077Z8J1-F1-mo,23,1801,False,100.0
207,AF-A0A4E9FEN3-F1-mo,24,1782,True,100.0
208,AF-A0A4E9FEN3-F1-mo,24,1782,False,100.0
209,AF-A0A4E9FEN3-F1-mo,24,1782,False,100.0
210,AF-A0A4E9FEN3-F1-mo,24,1782,False,100.0
211,AF-J9EUL2-F1-model_,24,393,False,95.42
212,AF-A0A061ACU2-10-F1,25,1730,True,100.0
213,AF-A0A061ACU2-10-F1,25,1730,False,100.0
214,AF-A0A061ACU2-10-F1,25,1730,False,100.0
215,AF-A0A061ACU2-10-F1,25,1730,False,100.0
216,AF-A0A061ACU2-10-F1,25,1730,False,100.0
217,AF-A0A061ACU2-10-F1,25,1730,False,100.0
218,AF-A0A8R1TRS9-F1-mo,26,1604,True,100.0
219,AF-A0A182EAX7-F1-mo,26,1113,False,94.7
220,AF-A0A8R1TRS9-F1-mo,26,1604,False,100.0
221,AF-A0A182EAX7-F1-mo,26,1113,False,94.7
222,AF-A0A8R1U0Y7-F1-mo,27,1577,True,100.0
223,AF-A0A8R1U0Y7-F1-mo,27,1577,False,100.0
224,AF-A0A8R1U0Y7-F1-mo,27,1577,False,100.0
225,AF-A0A8R1U0Y7-F1-mo,27,1577,False,100.0
226,6b3r-assembly1_A,28,1502,True,100.0
227,6b3r-assembly1_A,28,1502,False,100.0
228,7wlu-assembly1_A,29,1498,True,100.0
229,7wlu-assembly1_A,29,1498,False,100.0
230,7wlt-assembly1_A,30,1353,True,100.0
231,7wlt-assembly1_A,30,1353,False,100.0
232,6lqi-assembly1_C,31,1301,False,99.31
233,5z10-assembly1_A,31,1304,True,100.0
234,6lqi-assembly1_C,31,1301,False,99.31
235,5z10-assembly1_A,31,1304,False,100.0
236,AF-A0A6A4WMD7-F1-mo,32,1280,True,100.0
237,AF-A0A6A4WMD7-F1-mo,32,1280,False,100.0
238,AF-A0A820EPK9-F1-mo,33,527,False,98.29
239,AF-A0A817NR70-F1-mo,33,1279,True,100.0
240,AF-A0A819QTL3-F1-mo,33,406,False,100.0
241,AF-A0A820EPK9-F1-mo,33,527,False,98.29
242,AF-A0A819QTL3-F1-mo,33,406,False,100.0
243,AF-A0A817NR70-F1-mo,33,1279,False,100.0
244,AF-A0A1A8AGX9-F1-mo,34,1278,True,100.0
245,AF-A0A1A8VHR4-F1-mo,34,953,False,100.0
246,AF-A0A1A8LFP5-F1-mo,34,246,False,99.59
247,AF-A0A1A8BKI5-F1-mo,34,359,False,98.61
248,AF-A0A1A8AGX9-F1-mo,34,1278,False,100.0
249,AF-A0A1A8VHR4-F1-mo,34,953,False,100.0
250,AF-A0A1A8LFP5-F1-mo,34,246,False,99.59
251,AF-A0A8S2LA96-F1-mo,35,1277,True,100.0
252,AF-A0A8S2XQX1-F1-mo,35,503,False,97.22
253,AF-A0A819JXB5-F1-mo,35,659,False,98.48
254,AF-A0A816RAD3-F1-mo,35,586,False,99.15
255,AF-A0A8S2LA96-F1-mo,35,1277,False,100.0
256,AF-A0A8S2XQX1-F1-mo,35,503,False,97.22
257,AF-A0A819JXB5-F1-mo,35,659,False,98.48
258,AF-A0A816RAD3-F1-mo,35,586,False,99.15
259,AF-A0A7J7JSE9-F1-mo,36,1276,True,100.0
260,AF-A0A7J7JSE9-F1-mo,36,1276,False,100.0
261,AF-A0A6H5H055-F1-mo,37,1271,True,100.0
262,AF-A0A6H5H055-F1-mo,37,1271,False,100.0
263,AF-A0A653DHE2-F1-mo,38,1270,True,100.0
264,AF-A0A653DHE5-F1-mo,38,704,False,100.0
265,AF-A0A653DHE8-F1-mo,38,556,False,100.0
266,AF-A0A653DHE2-F1-mo,38,1270,False,100.0
267,AF-A0A653DHE8-F1-mo,38,556,False,100.0
268,AF-A0A653DHE5-F1-mo,38,704,False,100.0
269,AF-A0A480KZG1-F1-mo,39,1269,True,100.0
270,AF-A0A480KZG1-F1-mo,39,1269,False,100.0
271,AF-A0A9P0MBU3-F1-mo,40,983,False,99.19
272,AF-A0A9P0M8D5-F1-mo,40,1268,True,100.0
273,AF-A0A9P0MBU3-F1-mo,40,983,False,99.19
274,AF-A0A9P0M8D5-F1-mo,40,1268,False,100.0
275,AF-A0A158Q727-F1-mo,41,1268,True,100.0
276,AF-A0A158Q727-F1-mo,41,1268,False,100.0
277,AF-A0A2H1X0Q2-F1-mo,42,1266,True,100.0
278,AF-A0A2H1X0Q2-F1-mo,42,1266,False,100.0
279,AF-A0A1I8EMU6-F1-mo,43,1262,True,100.0
280,AF-A0A1I8EMU6-F1-mo,43,1262,False,100.0
281,AF-A0A6J2YXD6-F1-mo,44,1260,True,100.0
282,AF-A0A6J2YXD6-F1-mo,44,1260,False,100.0
283,AF-A0A6C0PNJ5-F1-mo,45,1259,True,100.0
284,AF-A0A6C0PNJ5-F1-mo,45,1259,False,100.0
285,AF-A0A0Q5UK93-F1-mo,46,1247,True,100.0
286,AF-A0A0Q5UK93-F1-mo,46,1247,False,100.0
287,AF-A0A0A1U646-F1-mo,47,1245,True,100.0
288,AF-A0A0A1U646-F1-mo,47,1245,False,100.0
289,AF-A0A7J8CKB3-F1-mo,48,1239,True,100.0
290,AF-A0A7J8CKB3-F1-mo,48,1239,False,100.0
291,AF-A0A8T0F7P9-F1-mo,49,1237,True,100.0
292,AF-A0A8T0F7P9-F1-mo,49,1237,False,100.0
293,AF-A0A1B6FU70-F1-mo,50,1236,True,100.0
294,AF-A0A1B6HYC3-F1-mo,50,716,False,97.77
295,AF-A0A1B6LKF3-F1-mo,50,330,False,97.58
296,AF-A0A1B6FU70-F1-mo,50,1236,False,100.0
297,AF-A0A1B6HYC3-F1-mo,50,716,False,97.77
298,AF-A0A1B6LKF3-F1-mo,50,330,False,97.58
299,AF-A0A8C2B9A3-F1-mo,51,1233,True,100.0
300,AF-A0A8C2B9A3-F1-mo,51,1233,False,100.0
301,AF-A0A5J4XY78-F1-mo,52,1230,True,100.0
302,AF-A0A5J4XG20-F1-mo,52,350,False,100.0
303,AF-A0A5J4XG20-F1-mo,52,350,False,100.0
304,AF-A0A5J4XY78-F1-mo,52,1230,False,100.0
305,AF-A0A914YNX1-F1-mo,53,1229,True,100.0
306,AF-A0A914QYL8-F1-mo,53,324,False,91.67
307,AF-A0A914YNX1-F1-mo,53,1229,False,100.0
308,AF-A0A914QYL8-F1-mo,53,324,False,91.67
309,AF-A0A3N0XQA4-F1-mo,54,1228,True,100.0
310,AF-A0A3N0XQA4-F1-mo,54,1228,False,100.0
311,AF-A0A226EIU0-F1-mo,55,1223,True,100.0
312,AF-A0A226EIU0-F1-mo,55,1223,False,100.0
313,AF-A0A6A4MBG7-F1-mo,56,1223,True,100.0
314,AF-A0A6A4MBG7-F1-mo,56,1223,False,100.0
315,8imz-assembly1_A,57,1223,True,100.0
316,8imz-assembly1_A,57,1223,False,100.0
317,AF-A0AAV6VPB1-F1-mo,58,1222,True,100.0
318,AF-A0AAV6VPB1-F1-mo,58,1222,False,100.0
319,AF-A0A8T3E3G7-F1-mo,59,1219,True,100.0
320,AF-A0A8T3E3G7-F1-mo,59,1219,False,100.0
321,AF-A0A8C6VJD5-F1-mo,60,1219,True,100.0
322,AF-A0A8C6VJD5-F1-mo,60,1219,False,100.0
323,AF-A0A3Q3G502-F1-mo,61,1216,True,100.0
324,AF-A0A3Q3G502-F1-mo,61,1216,False,100.0
325,AF-A0A0V1FX63-F1-mo,62,1215,True,100.0
326,AF-A0A0V1FX63-F1-mo,62,1215,False,100.0
327,AF-A0A9P0M3N9-F1-mo,63,1214,True,100.0
328,AF-A0A9P0M3N9-F1-mo,63,1214,False,100.0
329,AF-A0A2S2PLH3-F1-mo,64,1124,False,93.51
330,AF-A0A2S2NRA1-F1-mo,64,1213,True,100.0
331,AF-A0A2S2PLH3-F1-mo,64,1124,False,93.51
332,AF-A0A2S2NRA1-F1-mo,64,1213,False,100.0
333,AF-A0A0N5B170-F1-mo,65,1212,True,100.0
334,AF-A0A0N5B170-F1-mo,65,1212,False,100.0
335,AF-A0A9P0M5D4-F1-mo,66,1208,True,100.0
336,AF-A0A9P0M5D4-F1-mo,66,1208,False,100.0
337,AF-A0A9P0KR01-F1-mo,67,1207,True,100.0
338,AF-A0A9P0KR01-F1-mo,67,1207,False,100.0
339,AF-A0A0V1HAQ3-F1-mo,68,1048,False,92.56
340,AF-A0A0V1E9W0-F1-mo,68,1204,True,100.0
341,AF-A0A1Y3EJK3-F1-mo,68,221,False,90.05
342,AF-A0A0V1HAQ3-F1-mo,68,1048,False,92.56
343,AF-A0A0V1E9W0-F1-mo,68,1204,False,100.0
344,AF-A0A4U5PAW8-F1-mo,69,1204,True,100.0
345,AF-A0A4U5PBC2-F1-mo,69,1167,False,92.8
346,AF-A0A4U5PAW8-F1-mo,69,1204,False,100.0
347,AF-A0A4U5PBC2-F1-mo,69,1167,False,92.8
348,AF-A0AAV9R4T2-F1-mo,70,1201,True,100.0
349,AF-A0AAV9R4T2-F1-mo,70,1201,False,100.0
350,AF-A0A915ANH7-F1-mo,71,1200,True,100.0
351,AF-A0A915AKP2-F1-mo,71,709,False,90.27
352,AF-A0A915ALN6-F1-mo,71,585,False,100.0
353,AF-A0A915AKQ1-F1-mo,71,397,False,99.5
354,AF-A0A915ANH7-F1-mo,71,1200,False,100.0
355,AF-A0A915AKP2-F1-mo,71,709,False,90.27
356,AF-A0A915ALN6-F1-mo,71,585,False,100.0
357,AF-A0A915AKQ1-F1-mo,71,397,False,99.5
358,AF-A0A914UZ51-F1-mo,72,1199,True,100.0
359,AF-A0A914UZ51-F1-mo,72,1199,False,100.0
360,AF-A0AAV2PTF5-F1-mo,73,1198,True,100.0
361,AF-A0AAV2PTF5-F1-mo,73,1198,False,100.0
362,AF-A0A8T0ZJ80-F1-mo,74,1196,True,100.0
363,AF-A0A8T0ZJ80-F1-mo,74,1196,False,100.0
364,AF-A0A0A9XEI2-F1-mo,75,1195,True,100.0
365,AF-A0A0A9XJE5-F1-mo,75,398,False,91.71
366,AF-A0A0A9XEI2-F1-mo,75,1195,False,100.0
367,AF-A0A0A9XJE5-F1-mo,75,398,False,91.71
368,AF-A0A315VGY0-F1-mo,76,1189,True,100.0
369,AF-A0A0S7EXW5-F1-mo,76,391,False,97.44
370,AF-A0A315VGY0-F1-mo,76,1189,False,100.0
371,AF-A0A0S7EXW5-F1-mo,76,391,False,97.44
372,AF-A0A3Q2Y0W9-F1-mo,77,1189,True,100.0
373,AF-A0A3Q2Y0W9-F1-mo,77,1189,False,100.0
374,AF-A0A4D9EAT4-F1-mo,78,1184,True,100.0
375,AF-A0A4D9EAT4-F1-mo,78,1184,False,100.0
376,AF-A0ABD1CZ18-F1-mo,79,1183,True,100.0
377,AF-A0ABD1CZ18-F1-mo,79,1183,False,100.0
378,AF-A0A915EHD0-F1-mo,80,1183,True,100.0
379,AF-A0A915EHD0-F1-mo,80,1183,False,100.0
380,AF-A0A132A596-F1-mo,81,1181,True,100.0
381,AF-A0AAV7IMW3-F1-mo,82,1179,True,100.0
382,AF-A0AAV7IMW3-F1-mo,82,1179,False,100.0
383,AF-A0A8S1WAT3-F1-mo,83,1179,True,100.0
384,AF-A0A8S1WAT3-F1-mo,83,1179,False,100.0
385,AF-A0A3Q0JIM1-F1-mo,84,1174,True,100.0
386,AF-A0A3Q0JIM1-F1-mo,84,1174,False,100.0
387,AF-A0AA88GF15-F1-mo,85,1174,True,100.0
388,AF-A0AA88GF15-F1-mo,85,1174,False,100.0
389,AF-A0AAF3J5Y6-F1-mo,86,1170,True,100.0
390,AF-A0AAF3J5Y6-F1-mo,86,1170,False,100.0
391,AF-A0AAV6KZH3-F1-mo,87,1170,True,100.0
392,AF-A0A9Q0IW25-F1-mo,88,1169,True,100.0
393,AF-A0A9Q0IW25-F1-mo,88,1169,False,100.0
394,AF-A0A820BCF8-F1-mo,89,1034,False,99.71
395,AF-A0A818JV57-F1-mo,89,1168,True,100.0
396,AF-A0A820T118-F1-mo,89,228,False,97.81
397,AF-A0A8S3GWF1-F1-mo,89,203,False,98.52
398,AF-A0A8S3HYP1-F1-mo,89,121,False,99.17
399,AF-A0A820T118-F1-mo,89,228,False,97.81
400,AF-A0A820BCF8-F1-mo,89,1034,False,99.71
401,AF-A0A8S3GWF1-F1-mo,89,203,False,98.52
402,AF-A0A818JV57-F1-mo,89,1168,False,100.0
403,AF-A0A4Y7L8I8-F1-mo,90,1168,True,100.0
404,AF-A0A158PKC0-F1-mo,91,1167,True,100.0
405,AF-A0A158PKC0-F1-mo,91,1167,False,100.0
406,AF-A0A0B2VML1-F1-mo,92,1167,True,100.0
407,AF-A0A0B2VML1-F1-mo,92,1167,False,100.0
408,AF-A0A1I8EI99-F1-mo,93,1166,True,100.0
409,AF-A0A1I8EI99-F1-mo,93,1166,False,100.0
410,AF-A0AA35WA03-F1-mo,94,1165,True,100.0
411,AF-A0AA35RMT7-F1-mo,94,618,False,96.76
412,AF-A0AA35WA03-F1-mo,94,1165,False,100.0
413,AF-A0AA35RMT7-F1-mo,94,618,False,96.76
414,AF-A0A267FGS4-F1-mo,95,1165,True,100.0
415,AF-A0A1I8IXD7-F1-mo,95,643,False,97.98
416,AF-A0A267FGS4-F1-mo,95,1165,False,100.0
417,AF-A0A1I8IXD7-F1-mo,95,643,False,97.98
418,AF-A0AAN9VLX4-F1-mo,96,1161,True,100.0
419,AF-A0AAN9VLX4-F1-mo,96,1161,False,100.0
420,AF-A0A7R9CMV8-F1-mo,97,1161,True,100.0
421,AF-A0A7R9CMV8-F1-mo,97,1161,False,100.0
422,AF-A0A8C8DMC3-F1-mo,98,1160,True,100.0
423,AF-A0A8C8DMC3-F1-mo,98,1160,False,100.0
424,AF-A0ABD1CZ82-F1-mo,99,1156,True,100.0
425,AF-A0ABD1CZ82-F1-mo,99,1156,False,100.0
426,AF-A0AA35RM69-F1-mo,100,1153,True,100.0
427,AF-A0AA35RLB5-F1-mo,100,982,False,98.57
428,AF-A0AA35RND2-F1-mo,100,678,False,98.23
429,AF-A0AA35RM69-F1-mo,100,1153,False,100.0
430,AF-A0AA35RLB5-F1-mo,100,982,False,98.57
431,AF-A0AA35RND2-F1-mo,100,678,False,98.23
432,AF-A0A5C6P1S9-F1-mo,101,1152,True,100.0
433,AF-A0A5C6P1S9-F1-mo,101,1152,False,100.0
434,AF-A0A8B7DUG8-F1-mo,102,1151,True,100.0
435,AF-T2M4Y1-F1-model_,102,543,False,100.0
436,AF-A0A8B7E3E3-F1-mo,102,369,False,100.0
437,AF-A0A8B7DUG8-F1-mo,102,1151,False,100.0
438,AF-T2M4Y1-F1-model_,102,543,False,100.0
439,AF-A0A8B7E3E3-F1-mo,102,369,False,100.0
440,AF-A0A183GYL3-F1-mo,103,1148,True,100.0
441,AF-A0A183GYL3-F1-mo,103,1148,False,100.0
442,AF-A0A915M3J2-F1-mo,104,1147,True,100.0
443,AF-A0A915M3J2-F1-mo,104,1147,False,100.0
444,AF-A0A818S591-F1-mo,105,1147,True,100.0
445,AF-A0A818S591-F1-mo,105,1147,False,100.0
446,AF-A0A226EKW9-F1-mo,106,1146,True,100.0
447,AF-A0A226EKW9-F1-mo,106,1146,False,100.0
448,AF-A0A6F9ATM2-F1-mo,107,1144,True,100.0
449,AF-A0A6F9ATM2-F1-mo,107,1144,False,100.0
450,AF-A0A8C7MFW4-F1-mo,108,1140,True,100.0
451,AF-A0A8C7MFW4-F1-mo,108,1140,False,100.0
452,AF-A0A819E6A4-F1-mo,109,1133,True,100.0
453,AF-A0A819E6A4-F1-mo,109,1133,False,100.0
454,AF-A0A1I8N034-F1-mo,110,1132,True,100.0
455,AF-A0A1I8N034-F1-mo,110,1132,False,100.0
456,AF-A0A0B7AR40-F1-mo,111,1130,True,100.0
457,AF-A0A0B7AR40-F1-mo,111,1130,False,100.0
458,AF-A0A069DX80-F1-mo,112,1130,True,100.0
459,AF-A0A069DX80-F1-mo,112,1130,False,100.0
460,AF-A0A196SI25-F1-mo,113,1127,True,100.0
461,AF-A0A196SI25-F1-mo,113,1127,False,100.0
462,AF-A0A670I236-F1-mo,114,1124,True,100.0
463,AF-A0A670I236-F1-mo,114,1124,False,100.0
464,AF-A0A3Q1F967-F1-mo,115,1124,True,100.0
465,AF-A0A3Q2NPW1-F1-mo,115,300,False,92.0
466,AF-A0A1A8A208-F1-mo,115,189,False,92.59
467,AF-A0A3Q1F967-F1-mo,115,1124,False,100.0
468,AF-A0A3Q2NPW1-F1-mo,115,300,False,92.0
469,AF-A0A1A8A208-F1-mo,115,189,False,92.59
470,AF-A0A4D9E3Z0-F1-mo,116,1120,True,100.0
471,AF-A0A8T1TAV1-F1-mo,116,310,False,96.45
472,AF-A0A4D9E3Z0-F1-mo,116,1120,False,100.0
473,AF-A0A8T1TAV1-F1-mo,116,310,False,96.45
474,AF-A0A418DDV9-F1-mo,117,1118,True,100.0
475,AF-A0A418DDV9-F1-mo,117,1118,False,100.0
476,AF-A0A5E4B9G3-F1-mo,118,348,False,93.1
477,AF-A0A6P6HMM7-F1-mo,118,1116,True,100.0
478,AF-A0A5E4B9G3-F1-mo,118,348,False,93.1
479,AF-A0A6P6HMM7-F1-mo,118,1116,False,100.0
480,AF-A0AB34GA82-F1-mo,119,1114,True,100.0
481,AF-A0AB34GA82-F1-mo,119,1114,False,100.0
482,AF-A0A2G8KG58-F1-mo,120,1112,True,100.0
483,AF-A0A2G8KG58-F1-mo,120,1112,False,100.0
484,AF-A0A0N5CXE1-F1-mo,121,1110,True,100.0
485,AF-A0A0N5CXE1-F1-mo,121,1110,False,100.0
486,AF-A0A3N0XTK6-F1-mo,122,1108,True,100.0
487,AF-A0A3N0XTK6-F1-mo,122,1108,False,100.0
488,AF-A0A1I8J2S1-F1-mo,123,1106,True,100.0
489,AF-A0A1I8J2S1-F1-mo,123,1106,False,100.0
490,AF-M3TFI1-F1-model_,124,1105,True,100.0
491,AF-M3TFI1-F1-model_,124,1105,False,100.0
492,AF-J9EW84-F1-model_,125,1104,True,100.0
493,AF-J9EW84-F1-model_,125,1104,False,100.0
494,AF-A0A401NZB4-F1-mo,126,1103,True,100.0
495,AF-A0A401NZB4-F1-mo,126,1103,False,100.0
496,AF-A0A9D4DY65-F1-mo,127,1101,True,100.0
497,AF-A0A9D4DY65-F1-mo,127,1101,False,100.0
498,AF-A0A3B0K6R0-F1-mo,128,1100,True,100.0
499,AF-A0A3B0K6R0-F1-mo,128,1100,False,100.0
500,AF-A0A8B6XZ36-F1-mo,129,1098,True,100.0
501,AF-A0A8B6XZ36-F1-mo,129,1098,False,100.0
502,AF-A0A6V7VMH3-F1-mo,130,1097,True,100.0
503,AF-A0A6V7VMH3-F1-mo,130,1097,False,100.0
504,AF-A0A6V7X4A7-F1-mo,130,272,False,96.69
505,AF-A0A453EUB4-F1-mo,131,1097,True,100.0
506,AF-A0A453EU96-F1-mo,131,276,False,100.0
507,AF-A0A453EU96-F1-mo,131,276,False,100.0
508,AF-A0A453EUB4-F1-mo,131,1097,False,100.0
509,AF-A0A0T6BCZ5-F1-mo,132,1092,True,100.0
510,AF-A0A0T6BCZ5-F1-mo,132,1092,False,100.0
511,AF-A0A1I8GQH9-F1-mo,133,1092,True,100.0
512,AF-A0A1I8GQH9-F1-mo,133,1092,False,100.0
513,AF-A0A5N3V507-F1-mo,134,1089,True,100.0
514,AF-A0A9P0P8I7-F1-mo,135,1087,True,100.0
515,AF-A0A9P0P8I7-F1-mo,135,1087,False,100.0
516,AF-W6U812-F1-model_,136,1084,True,100.0
517,AF-W6U812-F1-model_,136,1084,False,100.0
518,AF-K2NF10-F1-model_,137,1080,True,100.0
519,AF-K2NF10-F1-model_,137,1080,False,100.0
520,AF-E4YX63-F1-model_,138,1078,True,100.0
521,MGYP003568930378,138,438,False,99.77
522,MGYP003569199621,138,224,False,100.0
523,AF-E4YX63-F1-model_,138,1078,False,100.0
524,MGYP003568930378,138,438,False,99.77
525,MGYP003569199621,138,224,False,100.0
526,AF-A0A9P0Q444-F1-mo,139,1078,True,100.0
527,AF-A0A9P0MDF3-F1-mo,139,728,False,98.08
528,AF-A0A9P0Q444-F1-mo,139,1078,False,100.0
529,AF-A0A9P0MDF3-F1-mo,139,728,False,98.08
530,AF-A0AAD3N4L6-F1-mo,140,1076,True,100.0
531,AF-A0A8S4C230-F1-mo,140,203,False,93.1
532,AF-A0AAD3N4L6-F1-mo,140,1076,False,100.0
533,AF-A0A8S4C230-F1-mo,140,203,False,93.1
534,AF-A0AB34GB94-F1-mo,141,1075,True,100.0
535,AF-A0AB34GB94-F1-mo,141,1075,False,100.0
536,AF-A0A9P0KJ22-F1-mo,142,1075,True,100.0
537,AF-A0A653C3X4-F1-mo,142,375,False,93.87
538,AF-A0A9P0KJ22-F1-mo,142,1075,False,100.0
539,AF-A0A653C3X4-F1-mo,142,375,False,93.87
540,AF-A0A9Q1JA68-F1-mo,143,1069,True,100.0
541,AF-A0A9Q1JA68-F1-mo,143,1069,False,100.0
542,AF-A0A914N2I7-F1-mo,144,1069,True,100.0
543,AF-A0A914N2I7-F1-mo,144,1069,False,100.0
544,AF-A0A6J3A8I7-F1-mo,145,1068,True,100.0
545,AF-A0A6J3A8I7-F1-mo,145,1068,False,100.0
546,AF-G3NS86-F1-model_,146,1067,True,100.0
547,AF-G3NS86-F1-model_,146,1067,False,100.0
548,AF-A0A7R9CQG1-F1-mo,147,1067,True,100.0
549,AF-A0A7R8ZIG7-F1-mo,147,169,False,100.0
550,AF-A0A7R8ZIG7-F1-mo,147,169,False,100.0
551,AF-A0A7R9CQG1-F1-mo,147,1067,False,100.0
552,AF-A0A819ZSB0-F1-mo,148,1064,True,100.0
553,AF-A0A820FNY2-F1-mo,148,525,False,99.05
554,AF-A0A820FNY2-F1-mo,148,525,False,99.05
555,AF-A0A817ENN0-F1-mo,149,1063,True,100.0
556,AF-A0A817ENN0-F1-mo,149,1063,False,100.0
557,AF-A0A553R787-F1-mo,150,1062,True,100.0
558,AF-A0A553R787-F1-mo,150,1062,False,100.0
559,AF-A0AAD5RB83-F1-mo,151,1059,True,100.0
560,AF-A0AAD5RB83-F1-mo,151,1059,False,100.0
561,AF-A0AAW0NN53-F1-mo,152,1058,True,100.0
562,AF-A0AAW0NN53-F1-mo,152,1058,False,100.0
563,AF-A0AAW0IWY1-F1-mo,153,1058,True,100.0
564,AF-A0AAW0IWY1-F1-mo,153,1058,False,100.0
565,AF-A0A7G2C012-F1-mo,154,1058,True,100.0
566,AF-A0A7G2C012-F1-mo,154,1058,False,100.0
567,AF-A0A1S3HPU6-F1-mo,155,1057,True,100.0
568,AF-A0A1S3HPU6-F1-mo,155,1057,False,100.0
569,AF-A0A1I8CPI5-F1-mo,156,1056,True,100.0
570,AF-A0A1I8CPI5-F1-mo,156,1056,False,100.0
571,AF-A0AA36CH18-F1-mo,157,1056,True,100.0
572,AF-A0AA36CH18-F1-mo,157,1056,False,100.0
573,AF-A0A3P7E8S5-F1-mo,158,1055,True,100.0
574,AF-A0A3P7E8S5-F1-mo,158,1055,False,100.0
575,AF-A0AAD7TBA8-F1-mo,159,1054,True,100.0
576,AF-A0AAD7TBA8-F1-mo,159,1054,False,100.0
577,AF-A0A0V1FX62-F1-mo,160,1053,True,100.0
578,AF-A0A0V1FX62-F1-mo,160,1053,False,100.0
579,AF-A0A817PEB7-F1-mo,161,1044,True,100.0
580,AF-A0A817PEB7-F1-mo,161,1044,False,100.0
581,AF-A0A915AV10-F1-mo,162,1039,True,100.0
582,AF-A0A915AYB5-F1-mo,162,559,False,96.24
583,AF-A0A915AV10-F1-mo,162,1039,False,100.0
584,AF-A0A915AYB5-F1-mo,162,559,False,96.24
585,AF-H2YLP9-F1-model_,163,1030,True,100.0
586,AF-H2YLP9-F1-model_,163,1030,False,100.0
587,AF-A0A0C9R8R9-F1-mo,164,1028,True,100.0
588,AF-A0A0C9R8R9-F1-mo,164,1028,False,100.0
589,AF-A0A1S3QF89-F1-mo,165,1028,True,100.0
590,AF-A0A1S3QF89-F1-mo,165,1028,False,100.0
591,AF-A0A2G8LNX9-F1-mo,166,1027,True,100.0
592,AF-A0A2G8LNX9-F1-mo,166,1027,False,100.0
593,AF-A0A915ALY6-F1-mo,167,1027,True,100.0
594,AF-A0A915ALY6-F1-mo,167,1027,False,100.0
595,AF-A0AAV4T1Y6-F1-mo,168,1026,True,100.0
596,AF-A0AAV4T1Y6-F1-mo,168,1026,False,100.0
597,AF-A0AAD9BN81-F1-mo,169,1024,True,100.0
598,AF-A0AAD9BN81-F1-mo,169,1024,False,100.0
599,AF-A0A0N4WCJ0-F1-mo,170,1020,True,100.0
600,AF-A0A0N4WCJ0-F1-mo,170,1020,False,100.0
601,AF-A0A914MN15-F1-mo,171,1019,True,100.0
602,AF-A0A914MN15-F1-mo,171,1019,False,100.0
603,AF-A0A8S2R756-F1-mo,172,1019,True,100.0
604,AF-A0A8S2R756-F1-mo,172,1019,False,100.0
605,AF-A0A0S7F270-F1-mo,173,1018,True,100.0
606,AF-A0A0S7F5P9-F1-mo,173,736,False,99.05
607,AF-A0A0S7F6J6-F1-mo,173,885,False,100.0
608,AF-A0A0S7F7Z0-F1-mo,173,518,False,99.61
609,AF-A0A0S7F270-F1-mo,173,1018,False,100.0
610,AF-A0A0S7F7Z0-F1-mo,173,518,False,99.61
611,AF-A0A0S7F5P9-F1-mo,173,736,False,99.05
612,AF-A0A0S7F6J6-F1-mo,173,885,False,100.0
613,AF-A0ABD0Y9M7-F1-mo,174,1018,True,100.0
614,AF-A0ABD0Y9M7-F1-mo,174,1018,False,100.0
615,AF-A0A7R9I936-F1-mo,175,1015,True,100.0
616,AF-A0A7R9I936-F1-mo,175,1015,False,100.0
617,AF-A0A815HH47-F1-mo,176,1014,True,100.0
618,AF-A0A815HH47-F1-mo,176,1014,False,100.0
619,AF-A0A836CXX6-F1-mo,177,1014,True,100.0
620,AF-A0A2H8TD61-F1-mo,178,1012,True,100.0
621,AF-A0A2H8TD61-F1-mo,178,1012,False,100.0
622,AF-A0A9N9MSI1-F1-mo,179,1005,True,100.0
623,AF-A0A9N9MSI1-F1-mo,179,1005,False,100.0
624,AF-A0A0D6MDC8-F1-mo,180,1004,True,100.0
625,AF-A0A368GKN0-F1-mo,180,553,False,90.6
626,AF-A0A0D6MDC8-F1-mo,180,1004,False,100.0
627,AF-A0A368GKN0-F1-mo,180,553,False,90.6
628,AF-A0A817GSN5-F1-mo,181,1004,True,100.0
629,AF-A0A817GSN5-F1-mo,181,1004,False,100.0
630,AF-A0A0V0ZU08-F1-mo,182,1002,True,100.0
631,AF-A0A0V0ZU08-F1-mo,182,1002,False,100.0
632,AF-A0A9J2Q5G7-F1-mo,183,1000,True,100.0
633,AF-A0A9J2Q5G7-F1-mo,183,1000,False,100.0
634,AF-A0A812U4U4-F1-mo,184,1000,True,100.0
635,AF-A0A812U4U4-F1-mo,184,1000,False,100.0
636,AF-A0A5J4W070-F1-mo,185,999,True,100.0
637,AF-A0A5J4W070-F1-mo,185,999,False,100.0
638,AF-A0A915KAT0-F1-mo,186,998,True,100.0
639,AF-A0A915KAT0-F1-mo,186,998,False,100.0
640,AF-A0A672R5R8-F1-mo,187,996,True,100.0
641,AF-A0A672R5R8-F1-mo,187,996,False,100.0
642,AF-V3ZF50-F1-model_,188,996,True,100.0
643,AF-V3ZF50-F1-model_,188,996,False,100.0
644,AF-A0A7J5YJ68-F1-mo,189,996,True,100.0
645,AF-A0A7J5YJ68-F1-mo,189,996,False,100.0
646,AF-Q9H5I5-3-F1-mode,190,709,False,91.54
647,AF-Q9H5I5-3-F1-mode,190,709,False,91.54
648,AF-A6IXL9-F1-model_,190,994,True,100.0
649,AF-A0A2K6FQ77-F1-mo,190,709,False,93.09
650,AF-Q9H5I5-3-F1-mode,190,709,False,91.54
651,AF-Q9H5I5-3-F1-mode,190,709,False,91.54
652,AF-A6IXL9-F1-model_,190,994,False,100.0
653,AF-A0A2K6FQ77-F1-mo,190,709,False,93.09
654,AF-A0A1A7X1H1-F1-mo,191,994,True,100.0
655,AF-A0A1A7Z6L6-F1-mo,191,170,False,99.41
656,AF-A0A1A7X1H1-F1-mo,191,994,False,100.0
657,AF-A0A1A7Z6L6-F1-mo,191,170,False,99.41
658,AF-A0A7S3VUF6-F1-mo,192,993,True,100.0
659,AF-A0A6G1RNA9-F1-mo,193,992,True,100.0
660,AF-A0A6G1RNA9-F1-mo,193,992,False,100.0
661,AF-A0A813RPE4-F1-mo,194,992,True,100.0
662,AF-A0A813RPE4-F1-mo,194,992,False,100.0
663,AF-A0A4Z2BWV0-F1-mo,195,991,True,100.0
664,AF-A0A4Z2BWV0-F1-mo,195,991,False,100.0
665,AF-A0A914LGH4-F1-mo,196,990,True,100.0
666,AF-A0A914LGH4-F1-mo,196,990,False,100.0
667,AF-A0A8S2PEM8-F1-mo,197,988,True,100.0
668,AF-A0A8S2PEM8-F1-mo,197,988,False,100.0
669,AF-A0A3P7U3X9-F1-mo,198,988,True,100.0
670,AF-A0A3P7U3X9-F1-mo,198,988,False,100.0
671,AF-A0A7S3IKS3-F1-mo,199,988,True,100.0
672,AF-A0A7S3IKS3-F1-mo,199,988,False,100.0
673,AF-A0A6S7I9M5-F1-mo,200,987,True,100.0
674,AF-A0A6S7I9M5-F1-mo,200,987,False,100.0
675,AF-A0A397EUN1-F1-mo,201,986,True,100.0
676,AF-A0A396ZVD2-F1-mo,201,566,False,99.29
677,AF-A0A6A4ZWF6-F1-mo,201,585,False,91.97
678,AF-A0A396ZVD2-F1-mo,201,566,False,99.29
679,AF-A0A397EUN1-F1-mo,201,986,False,100.0
680,AF-A0A7E4ZUG3-F1-mo,202,984,True,100.0
681,AF-A0A7E4ZUG3-F1-mo,202,984,False,100.0
682,AF-J9ER22-F1-model_,203,983,True,100.0
683,AF-J9ER22-F1-model_,203,983,False,100.0
684,AF-A0AAV3ANW8-F1-mo,204,982,True,100.0
685,AF-A0AAV3ANW8-F1-mo,204,982,False,100.0
686,AF-A0A401SAX8-F1-mo,205,975,True,100.0
687,AF-A0A401SAX8-F1-mo,205,975,False,100.0
688,AF-A0A158QCP8-F1-mo,206,975,True,100.0
689,AF-A0A158QCP8-F1-mo,206,975,False,100.0
690,AF-A0A183K0Y5-F1-mo,207,974,True,100.0
691,AF-A0A183K0Y5-F1-mo,207,974,False,100.0
692,AF-A0A498LN81-F1-mo,208,971,True,100.0
693,AF-A0A498LN81-F1-mo,208,971,False,100.0
694,AF-A0A8R7TVF6-F1-mo,209,971,True,100.0
695,AF-A0A8R7TVF6-F1-mo,209,971,False,100.0
696,AF-A0AAD4N178-F1-mo,210,970,True,100.0
697,AF-A0AAD4N178-F1-mo,210,970,False,100.0
698,AF-A0A821N2H6-F1-mo,211,968,True,100.0
699,AF-A0A8S3E9Y4-F1-mo,211,340,False,96.76
700,AF-A0A821N2H6-F1-mo,211,968,False,100.0
701,AF-A0A8S3E9Y4-F1-mo,211,340,False,96.76
702,AF-A0A4W5RTC8-F1-mo,212,967,True,100.0
703,AF-A0A4W5RKX1-F1-mo,212,301,False,91.36
704,AF-A0A4W5RTC8-F1-mo,212,967,False,100.0
705,AF-A0A4W5RKX1-F1-mo,212,301,False,91.36
706,AF-A0A1I8ILG3-F1-mo,213,965,True,100.0
707,AF-A0A1I8ILG3-F1-mo,213,965,False,100.0
708,AF-A0A8D8I353-F1-mo,214,964,True,100.0
709,AF-A0A8D8I353-F1-mo,214,964,False,100.0
710,AF-A0A7S0IES8-F1-mo,215,962,True,100.0
711,AF-A0A7S0IES8-F1-mo,215,962,False,100.0
712,AF-A0A0A1U2R3-F1-mo,216,959,True,100.0
713,AF-A0A0A1U2R3-F1-mo,216,959,False,100.0
714,AF-A0A2N9H8X9-F1-mo,217,959,True,100.0
715,AF-A0A2N9H8X9-F1-mo,217,959,False,100.0
716,AF-A0A444UXD5-F1-mo,218,958,True,100.0
717,AF-A0A444UXD5-F1-mo,218,958,False,100.0
718,AF-A0A4Z2C651-F1-mo,219,956,True,100.0
719,AF-A0A4Z2C651-F1-mo,219,956,False,100.0
720,AF-A0A087T591-F1-mo,220,956,True,100.0
721,AF-A0A087T591-F1-mo,220,956,False,100.0
722,AF-A0A0R3QQZ3-F1-mo,221,956,True,100.0
723,AF-A0AAF3EMF3-F1-mo,222,955,True,100.0
724,AF-A0AAF3EMF3-F1-mo,222,955,False,100.0
725,AF-A0AAV4H0F6-F1-mo,223,952,True,100.0
726,AF-A0AAV4H0F6-F1-mo,223,952,False,100.0
727,AF-A0A6V7MAV2-F1-mo,224,950,True,100.0
728,AF-A0A6V7MAV2-F1-mo,224,950,False,100.0
729,AF-A0AA36C590-F1-mo,225,949,True,100.0
730,AF-A0AA36C590-F1-mo,225,949,False,100.0
731,AF-A0A553QNW5-F1-mo,226,945,True,100.0
732,AF-A0A553QNW5-F1-mo,226,945,False,100.0
733,AF-A0A8S2MGE7-F1-mo,227,945,True,100.0
734,AF-A0A8S2MGE7-F1-mo,227,945,False,100.0
735,AF-A0A0V0VEE4-F1-mo,228,942,True,100.0
736,AF-A0A0V0VEE4-F1-mo,228,942,False,100.0
737,AF-A0AAD3R0R7-F1-mo,229,938,True,100.0
738,AF-A0AAD3R0R7-F1-mo,229,938,False,100.0
739,AF-A0A224YFY0-F1-mo,230,930,True,100.0
740,AF-A0A023FJY0-F1-mo,230,489,False,95.71
741,AF-A0A023FXT1-F1-mo,230,233,False,95.71
742,AF-A0A224YFY0-F1-mo,230,930,False,100.0
743,AF-A0A023FJY0-F1-mo,230,489,False,95.71
744,AF-A0A023FXT1-F1-mo,230,233,False,95.71
745,AF-A0A7S0KAW6-F1-mo,231,930,True,100.0
746,AF-A0A7S0KAW6-F1-mo,231,930,False,100.0
747,AF-A0A0P4W477-F1-mo,232,928,True,100.0
748,AF-A0A0P4W477-F1-mo,232,928,False,100.0
749,AF-A0AAW2YN02-F1-mo,233,926,True,100.0
750,AF-A0AAW2YN02-F1-mo,233,926,False,100.0
751,AF-A0AAE0WCQ3-F1-mo,234,925,True,100.0
752,AF-A0AAE0WCQ3-F1-mo,234,925,False,100.0
753,AF-A0AAD4YFY2-F1-mo,235,925,True,100.0
754,AF-A0AAD4YFY2-F1-mo,235,925,False,100.0
755,AF-A0A817HKZ7-F1-mo,236,919,True,100.0
756,AF-A0A817HKZ7-F1-mo,236,919,False,100.0
757,AF-A0AAD7ZEB1-F1-mo,237,918,True,100.0
758,AF-A0AAD7ZEB1-F1-mo,237,918,False,100.0
759,3jac-assembly1_C,238,918,True,100.0
760,3jac-assembly1_C,238,918,False,100.0
761,AF-A0A812MT74-F1-mo,239,917,True,100.0
762,AF-A0A812MT74-F1-mo,239,917,False,100.0
763,AF-A0A6V7M8E3-F1-mo,240,915,True,100.0
764,AF-A0A6V7M8E3-F1-mo,240,915,False,100.0
765,AF-A0A7S0DLL3-F1-mo,241,914,True,100.0
766,AF-A0A7S0DLL3-F1-mo,241,914,False,100.0
767,AF-A0A2J7R0H1-F1-mo,242,913,True,100.0
768,AF-A0A2J7R0H1-F1-mo,242,913,False,100.0
769,AF-A0A401T3H2-F1-mo,243,912,True,100.0
770,AF-A0A401T3H2-F1-mo,243,912,False,100.0
771,AF-A0A1S3QUK8-F1-mo,244,912,True,100.0
772,AF-A0A1S3QUK8-F1-mo,244,912,False,100.0
773,AF-W8BRJ7-F1-model_,245,911,True,100.0
774,AF-W8BRJ7-F1-model_,245,911,False,100.0
775,AF-A0A8J2Q803-F1-mo,246,909,True,100.0
776,AF-A0A8J2Q803-F1-mo,246,909,False,100.0
777,AF-A0A813B2L5-F1-mo,247,908,True,100.0
778,AF-A0A813B2L5-F1-mo,247,908,False,100.0
779,AF-A0A817EAU4-F1-mo,248,905,True,100.0
780,AF-A0A817EAU4-F1-mo,248,905,False,100.0
781,AF-A0A915E435-F1-mo,249,905,True,100.0
782,AF-A0A915E435-F1-mo,249,905,False,100.0
783,AF-A0A6G1RCQ3-F1-mo,250,902,True,100.0
784,AF-A0A8D2NFD0-F1-mo,250,453,False,97.13
785,AF-A0A7L1MY52-F1-mo,250,215,False,97.21
786,AF-A0A7L3Y0H1-F1-mo,250,189,False,91.01
787,AF-A0A7L3JCD6-F1-mo,250,166,False,98.8
788,AF-A0A8D2NFD0-F1-mo,250,453,False,97.13
789,AF-A0A6G1RCQ3-F1-mo,250,902,False,100.0
790,AF-A0A7L1MY52-F1-mo,250,215,False,97.21
791,AF-A0A7L3JCD6-F1-mo,250,166,False,98.8
792,AF-A0A7L3Y0H1-F1-mo,250,189,False,91.01
793,AF-A0A8J2M1T6-F1-mo,251,902,True,100.0
794,AF-A0A8J2M1T6-F1-mo,251,902,False,100.0
795,AF-A0A7S3Z6Q1-F1-mo,252,901,True,100.0
796,AF-A0A7S3Z6Q1-F1-mo,252,901,False,100.0
797,AF-A0A6B2KXL2-F1-mo,253,900,True,100.0
798,AF-A0A6B2KXL2-F1-mo,253,900,False,100.0
799,6bpz-assembly1_A,254,900,True,100.0
800,6bpz-assembly1_A,254,900,False,100.0
801,AF-A0A653DWX2-F1-mo,255,899,True,100.0
802,AF-A0A653DWX2-F1-mo,255,899,False,100.0
803,AF-A0A8C4R4T6-F1-mo,256,898,True,100.0
804,AF-A0A8C4R4T6-F1-mo,256,898,False,100.0
805,AF-A0A819E9B9-F1-mo,257,897,True,100.0
806,AF-A0A819E9B9-F1-mo,257,897,False,100.0
807,AF-A0A0G4ITY9-F1-mo,258,566,False,99.47
808,AF-A0A3P3YLB6-F1-mo,258,897,True,100.0
809,AF-A0A0G4ITY9-F1-mo,258,566,False,99.47
810,AF-A0A3P3YLB6-F1-mo,258,897,False,100.0
811,AF-A0A183T6D2-F1-mo,259,893,True,100.0
812,AF-Q4RWW2-F1-model_,260,892,True,100.0
813,AF-Q4RWW2-F1-model_,260,892,False,100.0
814,AF-N6U9E7-F1-model_,261,890,True,100.0
815,AF-N6U9E7-F1-model_,261,890,False,100.0
816,AF-A0A817EMZ3-F1-mo,262,889,True,100.0
817,AF-A0A817EMZ3-F1-mo,262,889,False,100.0
818,AF-A0A8X6UBH9-F1-mo,263,886,True,100.0
819,AF-A0A8X6UBH9-F1-mo,263,886,False,100.0
820,AF-A0A7R9AWQ2-F1-mo,264,886,True,100.0
821,AF-A0A7R9AWQ2-F1-mo,264,886,False,100.0
822,AF-A0AAV2APG7-F1-mo,265,885,True,100.0
823,AF-A0A4Y2T224-F1-mo,265,362,False,93.37
824,AF-A0A4Y2T224-F1-mo,265,362,False,93.37
825,AF-A0AAV2APG7-F1-mo,265,885,False,100.0
826,AF-A0A9D3LZ23-F1-mo,266,884,True,100.0
827,AF-A0A9D3LZ23-F1-mo,266,884,False,100.0
828,AF-A0AAV2APD1-F1-mo,267,882,True,100.0
829,AF-A0AAV2APD1-F1-mo,267,882,False,100.0
830,AF-A0A7R9F909-F1-mo,268,881,True,100.0
831,AF-A0A7R9F909-F1-mo,268,881,False,100.0
832,AF-A0A812CG58-F1-mo,269,877,True,100.0
833,AF-A0A812CG58-F1-mo,269,877,False,100.0
834,AF-A0A914GN85-F1-mo,270,876,True,100.0
835,AF-A0A914GN85-F1-mo,270,876,False,100.0
836,AF-A0A060WVG4-F1-mo,271,872,True,100.0
837,AF-A0A060WVG4-F1-mo,271,872,False,100.0
838,AF-A0A915E1L6-F1-mo,272,870,True,100.0
839,AF-A0A915E1L6-F1-mo,272,870,False,100.0
840,A0A1L3KKV6_2,273,868,True,100.0
841,AF-A0A7S1JBW4-F1-mo,274,866,True,100.0
842,AF-A0A0P8XZA1-F1-mo,275,865,True,100.0
843,AF-A0A0P8XZA1-F1-mo,275,865,False,100.0
844,AF-A0A182G146-F1-mo,276,863,True,100.0
845,AF-A0A182G146-F1-mo,276,863,False,100.0
846,AF-A0A1E1IU37-F1-mo,277,860,True,100.0
847,AF-A0A1E1IU37-F1-mo,277,860,False,100.0
848,AF-G0NWW3-F1-model_,278,860,True,100.0
849,AF-G0NWW3-F1-model_,278,860,False,100.0
850,AF-A0A314UCB2-F1-mo,279,860,True,100.0
851,AF-A0A314UCB2-F1-mo,279,860,False,100.0
852,AF-A0A9X8DKL7-F1-mo,280,859,True,100.0
853,AF-A0AAW1V3U4-F1-mo,281,858,True,100.0
854,AF-A0AAW1V3U4-F1-mo,281,858,False,100.0
855,AF-A0AAW1BSN8-F1-mo,282,858,True,100.0
856,AF-A0AAW1BSN8-F1-mo,282,858,False,100.0
857,AF-A0AAW2YSQ4-F1-mo,283,857,True,100.0
858,AF-A0AAW2YSQ4-F1-mo,283,857,False,100.0
859,AF-A0A0C2GXU0-F1-mo,284,852,True,100.0
860,AF-A0A0C2GXU0-F1-mo,284,852,False,100.0
861,AF-A0A914QQ89-F1-mo,285,851,True,100.0
862,AF-A0A914QQ89-F1-mo,285,851,False,100.0
863,AF-A0A1I8CWF5-F1-mo,286,851,True,100.0
864,AF-A0A1I8CWF5-F1-mo,286,851,False,100.0
865,AF-A0AAV2JTX8-F1-mo,287,851,True,100.0
866,AF-A0AAV2JTX8-F1-mo,287,851,False,100.0
867,AF-A0A1S3M1P2-F1-mo,288,850,True,100.0
868,AF-A0A1S3QKY6-F1-mo,288,197,False,93.4
869,AF-A0A1S3M1P2-F1-mo,288,850,False,100.0
870,AF-A0A1S3QKY6-F1-mo,288,197,False,93.4
871,AF-A0A5J4XG18-F1-mo,289,845,True,100.0
872,AF-E3NQL2-F1-model_,290,844,True,100.0
873,AF-E3NQL2-F1-model_,290,844,False,100.0
874,AF-A0AA36HJN2-F1-mo,291,844,True,100.0
875,AF-A0AA36HJN2-F1-mo,291,844,False,100.0
876,AF-A0A653DFQ5-F1-mo,292,843,True,100.0
877,AF-A0A653DFQ5-F1-mo,292,843,False,100.0
878,AF-A0A2H1WK71-F1-mo,293,842,True,100.0
879,AF-A0A2H1WK71-F1-mo,293,842,False,100.0
880,AF-A0A8S2QNQ3-F1-mo,294,840,True,100.0
881,AF-A0A8S2QNQ3-F1-mo,294,840,False,100.0
882,AF-A0A0L7KQS8-F1-mo,295,840,True,100.0
883,AF-A0A0L7KQS8-F1-mo,295,840,False,100.0
884,AF-A0A0D2JHL8-F1-mo,296,839,True,100.0
885,AF-A0A7S0DDN7-F1-mo,297,837,True,100.0
886,AF-A0A7S0DDN7-F1-mo,297,837,False,100.0
887,AF-A0A820JUF7-F1-mo,298,836,True,100.0
888,AF-A0A7S3SFH2-F1-mo,299,836,True,100.0
889,AF-A0A7R9KTM4-F1-mo,300,832,True,100.0
890,AF-A0A7R9KTM4-F1-mo,300,832,False,100.0
891,AF-A0ABD0WTF1-F1-mo,301,832,True,100.0
892,AF-A0ABD0WTF1-F1-mo,301,832,False,100.0
893,AF-A0AAR5PGD9-F1-mo,302,831,True,100.0
894,AF-A0AAR5PGD9-F1-mo,302,831,False,100.0
895,AF-A0AAW2SHB8-F1-mo,303,831,True,100.0
896,AF-A0AAW2SHB8-F1-mo,303,831,False,100.0
897,AF-A0AAV9R8A6-F1-mo,304,828,True,100.0
898,AF-A0AAV9R8A6-F1-mo,304,828,False,100.0
899,AF-A0A0K0FWJ2-F1-mo,305,828,True,100.0
900,AF-A0A0K0FWJ2-F1-mo,305,828,False,100.0
901,AF-A0A498LX91-F1-mo,306,827,True,100.0
902,AF-A0A498LX91-F1-mo,306,827,False,100.0
903,AF-A0A653DI00-F1-mo,307,826,True,100.0
904,AF-A0A653DI00-F1-mo,307,826,False,100.0
905,AF-A0A821T6Y7-F1-mo,308,826,True,100.0
906,AF-A0A821T6Y7-F1-mo,308,826,False,100.0
907,AF-A0A820P5W6-F1-mo,308,428,False,93.69
908,AF-M4BPS6-F1-model_,309,826,True,100.0
909,AF-M4BPS6-F1-model_,309,826,False,100.0
910,AF-A0A267FZ22-F1-mo,310,823,True,100.0
911,AF-A0A267FZ22-F1-mo,310,823,False,100.0
912,AF-N6TAG7-F1-model_,311,822,True,100.0
913,AF-N6TAG7-F1-model_,311,822,False,100.0
914,AF-A0A060Y0R6-F1-mo,312,821,True,100.0
915,AF-A0A060Y0R6-F1-mo,312,821,False,100.0
916,AF-A0A067RJC4-F1-mo,313,821,True,100.0
917,AF-A0A067RJC4-F1-mo,313,821,False,100.0
918,AF-A0A915ALZ1-F1-mo,314,819,True,100.0
919,AF-A0A915APU9-F1-mo,314,376,False,99.2
920,AF-A0A915ALZ1-F1-mo,314,819,False,100.0
921,AF-A0A915APU9-F1-mo,314,376,False,99.2
922,AF-A0A7S3SFH1-F1-mo,315,817,True,100.0
923,AF-A0A7S3WEJ8-F1-mo,315,683,False,92.24
924,AF-A0A6V2RNN4-F1-mo,315,687,False,98.54
925,AF-A0A6V2RNN4-F1-mo,315,687,False,98.54
926,AF-A0A7S3SFH1-F1-mo,315,817,False,100.0
927,AF-A0A183LV05-F1-mo,316,815,True,100.0
928,AF-A0A183LV05-F1-mo,316,815,False,100.0
929,AF-A0A183TW26-F1-mo,317,814,True,100.0
930,AF-A0A183TW26-F1-mo,317,814,False,100.0
931,AF-A0A0Q9X2B4-F1-mo,318,810,True,100.0
932,AF-A0A0Q9X2B4-F1-mo,318,810,False,100.0
933,AF-A0A6J1YUZ4-F1-mo,319,809,True,100.0
934,AF-A0A6J1YUZ4-F1-mo,319,809,False,100.0
935,AF-A0A3R7WY44-F1-mo,320,808,True,100.0
936,AF-A0A3R7WY44-F1-mo,320,808,False,100.0
937,AF-A0A653DJD9-F1-mo,321,807,True,100.0
938,AF-A0A653DJD9-F1-mo,321,807,False,100.0
939,AF-A0A0Q9W7V8-F1-mo,322,806,True,100.0
940,AF-V3ZZC9-F1-model_,323,805,True,100.0
941,AF-V3ZZC9-F1-model_,323,805,False,100.0
942,AF-A0A7R9AX44-F1-mo,324,803,True,100.0
943,AF-A0A653DVP8-F1-mo,325,709,False,100.0
944,AF-A0A653DW18-F1-mo,325,799,True,100.0
945,AF-A0A653DVP8-F1-mo,325,709,False,100.0
946,AF-A0A653DW18-F1-mo,325,799,False,100.0
947,AF-A0A151PJG2-F1-mo,326,797,True,100.0
948,AF-A0A151PJG2-F1-mo,326,797,False,100.0
949,AF-A0A0C2CLK3-F1-mo,327,794,True,100.0
950,AF-A0A0C2CLK3-F1-mo,327,794,False,100.0
951,AF-A0A418AF49-F1-mo,328,793,True,100.0
952,AF-A0A418AF49-F1-mo,328,793,False,100.0
953,AF-A0A8S2P9Z6-F1-mo,329,793,True,100.0
954,AF-A0A8S2P9Z6-F1-mo,329,793,False,100.0
955,AF-A0A914FRR9-F1-mo,330,791,True,100.0
956,AF-A0A914FRR9-F1-mo,330,791,False,100.0
957,AF-A0AAD3M1G6-F1-mo,331,790,True,100.0
958,AF-A0AAD3M1G6-F1-mo,331,790,False,100.0
959,AF-V8NFU7-F1-model_,332,789,True,100.0
960,AF-V8NFU7-F1-model_,332,789,False,100.0
961,AF-A0A9P0GMA9-F1-mo,333,789,True,100.0
962,AF-A0A9P0GMA9-F1-mo,333,789,False,100.0
963,AF-A0A060X2S1-F1-mo,334,788,True,100.0
964,AF-A0A060X2S1-F1-mo,334,788,False,100.0
965,AF-A0A819HK95-F1-mo,335,788,True,100.0
966,AF-A0A819HK95-F1-mo,335,788,False,100.0
967,AF-G9L1K3-F1-model_,336,785,True,100.0
968,AF-U6D7K1-F1-model_,336,477,False,95.39
969,AF-A0A2J8RVI1-F1-mo,336,183,False,90.16
970,AF-A0A2J8RVI1-F1-mo,336,183,False,90.16
971,AF-U6D7K1-F1-model_,336,477,False,95.39
972,AF-G9L1K3-F1-model_,336,785,False,100.0
973,AF-B7PSR6-F1-model_,337,785,True,100.0
974,AF-B7PSR6-F1-model_,337,785,False,100.0
975,AF-A0A6G3MDU1-F1-mo,338,785,True,100.0
976,AF-A0A6G3MDU1-F1-mo,338,785,False,100.0
977,AF-A0AAV2LVJ1-F1-mo,339,783,True,100.0
978,AF-A0AAV2LVJ1-F1-mo,339,783,False,100.0
979,AF-A0A812QIN9-F1-mo,340,780,True,100.0
980,AF-A0A812QIN9-F1-mo,340,780,False,100.0
981,AF-A0A183T903-F1-mo,341,777,True,100.0
982,AF-A0A183T903-F1-mo,341,777,False,100.0
983,AF-A0A7S1I0S6-F1-mo,342,776,True,100.0
984,AF-A0A7S1I0S6-F1-mo,342,776,False,100.0
985,AF-A0A8J4TZQ9-F1-mo,343,773,True,100.0
986,AF-A0A8J4TZQ9-F1-mo,343,773,False,100.0
987,AF-A0A0D8XKP2-F1-mo,344,773,True,100.0
988,AF-A0A0D8XKP2-F1-mo,344,773,False,100.0
989,AF-A0AAD4R722-F1-mo,345,772,True,100.0
990,AF-A0AAD4R722-F1-mo,345,772,False,100.0
991,AF-A0A2A2M0E5-F1-mo,346,766,True,100.0
992,AF-A0A2A2M0E5-F1-mo,346,766,False,100.0
993,AF-A0AAD6NPW5-F1-mo,347,766,True,100.0
994,AF-A0AAD6NPW5-F1-mo,347,766,False,100.0
995,AF-A0A819H799-F1-mo,348,762,True,100.0
996,AF-A0A819H799-F1-mo,348,762,False,100.0
997,AF-A0AAW2WBM4-F1-mo,349,761,True,100.0
998,AF-A0AAW2WBM4-F1-mo,349,761,False,100.0
999,AF-A0A3N0YZV0-F1-mo,350,758,True,100.0
1000,AF-A0A3N0YZV0-F1-mo,350,758,False,100.0
1001,AF-A0A821AY38-F1-mo,351,756,True,100.0
1002,AF-A0A821AY38-F1-mo,351,756,False,100.0
1003,AF-A0A1I8GRR1-F1-mo,352,754,True,100.0
1004,AF-A0A1I8GRR1-F1-mo,352,754,False,100.0
1005,AF-A0A1S3M010-F1-mo,353,753,True,100.0
1006,AF-A0A1S3M010-F1-mo,353,753,False,100.0
1007,AF-A0AAE9ADI6-F1-mo,354,753,True,100.0
1008,AF-A0AAE9ABN6-F1-mo,354,205,False,90.73
1009,AF-A0AAE9ADI6-F1-mo,354,753,False,100.0
1010,AF-A0A0D6MA53-F1-mo,355,752,True,100.0
1011,AF-A0A0D6MA53-F1-mo,355,752,False,100.0
1012,AF-A0AAW0NJJ2-F1-mo,356,750,True,100.0
1013,AF-A0AAW0NJJ2-F1-mo,356,750,False,100.0
1014,AF-A0A820HPW4-F1-mo,357,749,True,100.0
1015,AF-A0A821WJP8-F1-mo,357,454,False,92.29
1016,AF-A0A820HPW4-F1-mo,357,749,False,100.0
1017,AF-A0A821WJP8-F1-mo,357,454,False,92.29
1018,AF-A0A1S3HSM4-F1-mo,358,748,True,100.0
1019,AF-A0A1S3HSM4-F1-mo,358,748,False,100.0
1020,AF-A0A4C1UY82-F1-mo,359,748,True,100.0
1021,AF-A0A4C1UY82-F1-mo,359,748,False,100.0
1022,AF-A0A819HCB6-F1-mo,360,747,True,100.0
1023,AF-A0A819HCB6-F1-mo,360,747,False,100.0
1024,AF-A0A8J4SRX6-F1-mo,361,745,True,100.0
1025,AF-A0A8J4SRX6-F1-mo,361,745,False,100.0
1026,AF-A0A0M3K839-F1-mo,362,745,True,100.0
1027,AF-A0A0M3K839-F1-mo,362,745,False,100.0
1028,AF-A0A914TIV3-F1-mo,363,743,True,100.0
1029,AF-A0A914YA38-F1-mo,363,504,False,91.27
1030,AF-A0A914TIV3-F1-mo,363,743,False,100.0
1031,AF-A0A914YA38-F1-mo,363,504,False,91.27
1032,AF-C5KDI0-F1-model_,364,743,True,100.0
1033,AF-C5KDI0-F1-model_,364,743,False,100.0
1034,AF-A0AAF3EM81-F1-mo,365,742,True,100.0
1035,AF-A0AAF3EM81-F1-mo,365,742,False,100.0
1036,AF-A0A1W0X1X0-F1-mo,366,740,True,100.0
1037,AF-A0A1W0X1X0-F1-mo,366,740,False,100.0
1038,AF-A0A183AU97-F1-mo,367,738,True,100.0
1039,AF-A0A183AU97-F1-mo,367,738,False,100.0
1040,AF-A0A9D3RZT4-F1-mo,368,736,True,100.0
1041,AF-A0A9D3RZT4-F1-mo,368,736,False,100.0
1042,AF-A0A1I7S5E3-F1-mo,369,736,True,100.0
1043,AF-A0A1I7S5E3-F1-mo,369,736,False,100.0
1044,AF-A0A0N5AVK8-F1-mo,370,734,True,100.0
1045,AF-A0A0N5AVK8-F1-mo,370,734,False,100.0
1046,AF-A0AAW2UT49-F1-mo,371,734,True,100.0
1047,AF-A0AAW2UT49-F1-mo,371,734,False,100.0
1048,AF-A0A226NGJ2-F1-mo,372,734,True,100.0
1049,AF-A0A226NGJ2-F1-mo,372,734,False,100.0
1050,AF-A0A835ZIV2-F1-mo,373,734,True,100.0
1051,AF-A0A835ZIV2-F1-mo,373,734,False,100.0
1052,AF-A0A8C2GDG4-F1-mo,374,733,True,100.0
1053,AF-A0A8C2GDG4-F1-mo,374,733,False,100.0
1054,AF-A0AAV9SND7-F1-mo,375,733,True,100.0
1055,AF-A0AAV9SND7-F1-mo,375,733,False,100.0
1056,AF-A0A158PIP0-F1-mo,376,733,True,100.0
1057,AF-A0A158PIP0-F1-mo,376,733,False,100.0
1058,AF-A0AAV2LVJ0-F1-mo,377,731,True,100.0
1059,AF-A0AAV2LVJ0-F1-mo,377,731,False,100.0
1060,AF-A0A7F8K7I5-F1-mo,378,727,True,100.0
1061,AF-A0A484GQI8-F1-mo,378,287,False,91.64
1062,AF-A0A484GQI8-F1-mo,378,287,False,91.64
1063,AF-A0A7F8K7I5-F1-mo,378,727,False,100.0
1064,AF-A0A7F8RJW4-F1-mo,379,724,True,100.0
1065,AF-A0A7F8RJW4-F1-mo,379,724,False,100.0
1066,AF-A0A914WY87-F1-mo,380,723,True,100.0
1067,AF-A0A914WP45-F1-mo,380,223,False,93.72
1068,AF-A0A914WP45-F1-mo,380,223,False,93.72
1069,AF-A0A914WY87-F1-mo,380,723,False,100.0
1070,AF-A0A8S1L3E7-F1-mo,381,722,True,100.0
1071,AF-A0A8S1L3E7-F1-mo,381,722,False,100.0
1072,AF-A0ABD2Z9J9-F1-mo,382,719,True,100.0
1073,AF-A0ABD2Z9J9-F1-mo,382,719,False,100.0
1074,AF-A0A914XDQ8-F1-mo,383,718,True,100.0
1075,AF-A0A914XDQ8-F1-mo,383,718,False,100.0
1076,AF-A0AAD9PAP4-F1-mo,384,717,True,100.0
1077,AF-A0AAD9PAP4-F1-mo,384,717,False,100.0
1078,AF-A0AAD7SSI6-F1-mo,385,716,True,100.0
1079,AF-A0AAD7SSI6-F1-mo,385,716,False,100.0
1080,AF-X6N1S8-F1-model_,386,714,True,100.0
1081,AF-X6N1S8-F1-model_,386,714,False,100.0
1082,AF-A0A8B6D5U3-F1-mo,387,713,True,100.0
1083,AF-A0A8B6D5U3-F1-mo,387,713,False,100.0
1084,AF-A0A7S3SK61-F1-mo,388,713,True,100.0
1085,AF-A0A7S3SK61-F1-mo,388,713,False,100.0
1086,AF-A0A819EIX6-F1-mo,389,637,False,97.02
1087,AF-A0A820WYB2-F1-mo,389,713,True,100.0
1088,AF-A0A815V8P8-F1-mo,389,347,False,100.0
1089,AF-A0A819EIX6-F1-mo,389,637,False,97.02
1090,AF-A0A815V8P8-F1-mo,389,347,False,100.0
1091,AF-A0A820WYB2-F1-mo,389,713,False,100.0
1092,AF-A0A7R9P7Y6-F1-mo,390,711,True,100.0
1093,AF-A0A7R9P7Y6-F1-mo,390,711,False,100.0
1094,AF-A0A974HE43-F1-mo,391,710,True,100.0
1095,AF-A0A974HE43-F1-mo,391,710,False,100.0
1096,AF-A0A9P1CHE5-F1-mo,392,710,True,100.0
1097,AF-A0A9P1CHE5-F1-mo,392,710,False,100.0
1098,AF-A0A7F8QAV2-F1-mo,393,705,True,100.0
1099,AF-A0A9X9Q1N0-F1-mo,393,257,False,98.83
1100,AF-G9L408-F1-model_,393,306,False,95.1
1101,AF-A0A8M1M550-F1-mo,393,270,False,99.63
1102,AF-A0A9X9Q1N0-F1-mo,393,257,False,98.83
1103,AF-A0A8M1M550-F1-mo,393,270,False,99.63
1104,AF-G9L408-F1-model_,393,306,False,95.1
1105,AF-A0A7F8QAV2-F1-mo,393,705,False,100.0
1106,AF-A0A3Q2E540-F1-mo,394,703,True,100.0
1107,AF-A0A3Q2E540-F1-mo,394,703,False,100.0
1108,AF-A0A7R8ZB90-F1-mo,395,701,True,100.0
1109,AF-A0A7R8ZB90-F1-mo,395,701,False,100.0
1110,AF-A0A914W9E5-F1-mo,396,701,True,100.0
1111,AF-A0A914W9E5-F1-mo,396,701,False,100.0
1112,AF-A0AAV2HH44-F1-mo,397,700,True,100.0
1113,AF-A0AAV2HH44-F1-mo,397,700,False,100.0
1114,AF-A0A1I8IUL1-F1-mo,398,457,False,93.65
1115,AF-A0A1I8IZC9-F1-mo,398,698,True,100.0
1116,AF-A0A1I8IUL1-F1-mo,398,457,False,93.65
1117,AF-A0A1Z5LH12-F1-mo,399,697,True,100.0
1118,AF-A0A293MGG2-F1-mo,399,469,False,91.47
1119,AF-A0A1Z5LH12-F1-mo,399,697,False,100.0
1120,AF-A0A293MGG2-F1-mo,399,469,False,91.47
1121,AF-A0ABD2QNI6-F1-mo,400,690,True,100.0
1122,AF-A0ABD2QNI6-F1-mo,400,690,False,100.0
1123,AF-G0PEK7-F1-model_,401,690,True,100.0
1124,AF-G0PEK7-F1-model_,401,690,False,100.0
1125,AF-A0A8K0K6C6-F1-mo,402,690,True,100.0
1126,AF-A0A8K0K6C6-F1-mo,402,690,False,100.0
1127,AF-A0A822ATN0-F1-mo,403,687,True,100.0
1128,AF-A0A822ATN0-F1-mo,403,687,False,100.0
1129,AF-A0A7S1QMS3-F1-mo,404,687,True,100.0
1130,AF-A0A7S1QMS3-F1-mo,404,687,False,100.0
1131,AF-A0A914Y1Z1-F1-mo,405,686,True,100.0
1132,AF-A0A914Y1Z1-F1-mo,405,686,False,100.0
1133,AF-A0AA88LJ86-F1-mo,406,685,True,100.0
1134,AF-A0AA88LJ86-F1-mo,406,685,False,100.0
1135,AF-A0A556VCH7-F1-mo,407,685,True,100.0
1136,AF-A0A556VCH7-F1-mo,407,685,False,100.0
1137,AF-A0A158QWY7-F1-mo,408,684,True,100.0
1138,AF-A0A158QWY7-F1-mo,408,684,False,100.0
1139,AF-A0A1B0CLH2-F1-mo,409,682,True,100.0
1140,AF-A0A1B0CLH2-F1-mo,409,682,False,100.0
1141,AF-A0A0Q9WFA2-F1-mo,410,680,True,100.0
1142,AF-A0A0Q9WFA2-F1-mo,410,680,False,100.0
1143,AF-A7RMM3-F1-model_,411,680,True,100.0
1144,AF-A7RMM3-F1-model_,411,680,False,100.0
1145,AF-K1RGF7-F1-model_,412,678,True,100.0
1146,AF-K1RGF7-F1-model_,412,678,False,100.0
1147,AF-A0A2P4SQD4-F1-mo,413,677,True,100.0
1148,AF-A0A2P4SQD4-F1-mo,413,677,False,100.0
1149,AF-A0A183H0E9-F1-mo,414,675,True,100.0
1150,AF-A0A183H0E9-F1-mo,414,675,False,100.0
1151,AF-A0A6A4LSQ3-F1-mo,415,674,True,100.0
1152,AF-A0A6A4LSQ3-F1-mo,415,674,False,100.0
1153,AF-A0AAJ8B0T9-F1-mo,416,671,True,100.0
1154,AF-A0AAJ8B0T9-F1-mo,416,671,False,100.0
1155,AF-A0AAJ7Q7N5-F1-mo,416,273,False,100.0
1156,AF-A0A183DPV4-F1-mo,417,671,True,100.0
1157,AF-A0A183DPV4-F1-mo,417,671,False,100.0
1158,AF-A0A8R1DPN1-F1-mo,418,670,True,100.0
1159,AF-A0A8R1DPN1-F1-mo,418,670,False,100.0
1160,AF-G0R6D7-F1-model_,419,667,True,100.0
1161,AF-G0R6D7-F1-model_,419,667,False,100.0
1162,AF-A0A087UY53-F1-mo,420,667,True,100.0
1163,AF-A0A087UY53-F1-mo,420,667,False,100.0
1164,AF-G3N9E4-F1-model_,421,666,True,100.0
1165,AF-G3N9E4-F1-model_,421,666,False,100.0
1166,AF-A0A5C6PHQ5-F1-mo,422,663,True,100.0
1167,AF-A0A5C6PHQ5-F1-mo,422,663,False,100.0
1168,AF-A0A5N4CHM3-F1-mo,423,661,True,100.0
1169,AF-A0A5N4CH41-F1-mo,423,461,False,100.0
1170,AF-A0A5N4CHM3-F1-mo,423,661,False,100.0
1171,AF-A0A5N4CH41-F1-mo,423,461,False,100.0
1172,AF-A0AAE9A6J5-F1-mo,424,659,True,100.0
1173,AF-A0AAE9A6J5-F1-mo,424,659,False,100.0
1174,AF-A0AAV1A2G6-F1-mo,425,655,True,100.0
1175,AF-A0AAV1A2G6-F1-mo,425,655,False,100.0
1176,AF-A0A653DHF1-F1-mo,426,654,True,100.0
1177,AF-A0A653DHF1-F1-mo,426,654,False,100.0
1178,AF-A0A1I8EJ69-F1-mo,427,654,True,100.0
1179,AF-A0A1I8EJ69-F1-mo,427,654,False,100.0
1180,AF-A0A0G4ILN4-F1-mo,428,652,True,100.0
1181,AF-A0A0G4ILN4-F1-mo,428,652,False,100.0
1182,AF-A0A9P0E2U6-F1-mo,429,652,True,100.0
1183,AF-A0A9P0E2U6-F1-mo,429,652,False,100.0
1184,AF-V5I8F8-F1-model_,430,649,True,100.0
1185,AF-V5GQ20-F1-model_,430,351,False,90.31
1186,AF-V5I8F8-F1-model_,430,649,False,100.0
1187,AF-V5GQ20-F1-model_,430,351,False,90.31
1188,AF-A0AAR2KWH7-F1-mo,431,648,True,100.0
1189,AF-A0AAR2KWH7-F1-mo,431,648,False,100.0
1190,AF-A0A091DNK6-F1-mo,432,648,True,100.0
1191,AF-A0A091DNK6-F1-mo,432,648,False,100.0
1192,AF-A0A8B9HS83-F1-mo,433,645,True,100.0
1193,AF-A0A8B9HS83-F1-mo,433,645,False,100.0
1194,AF-A0A0N5DC76-F1-mo,434,644,True,100.0
1195,AF-A0A0N5DC76-F1-mo,434,644,False,100.0
1196,AF-A0A1V4J962-F1-mo,435,643,True,100.0
1197,AF-A0A7K6B9B9-F1-mo,435,234,False,93.59
1198,AF-A0A851ESU4-F1-mo,435,299,False,94.31
1199,AF-A0A7K6EL78-F1-mo,435,376,False,94.41
1200,AF-A0A852HZE1-F1-mo,435,272,False,94.49
1201,AF-A0A1V4J962-F1-mo,435,643,False,100.0
1202,AF-A0A7K6B9B9-F1-mo,435,234,False,93.59
1203,AF-A0A6G1R7M0-F1-mo,435,177,False,91.53
1204,AF-A0A1R2CWL8-F1-mo,436,640,True,100.0
1205,AF-A0A1R2CWL8-F1-mo,436,640,False,100.0
1206,AF-A0A915NIH3-F1-mo,437,639,True,100.0
1207,AF-A0A915NIH3-F1-mo,437,639,False,100.0
1208,AF-A0A8C3K900-F1-mo,438,635,True,100.0
1209,AF-A0A8C3K900-F1-mo,438,635,False,100.0
1210,AF-A0A1A8QVW0-F1-mo,439,635,True,100.0
1211,AF-A0A1A8QVW0-F1-mo,439,635,False,100.0
1212,AF-A0A0C2GSY1-F1-mo,440,635,True,100.0
1213,AF-A0A0C2GSY1-F1-mo,440,635,False,100.0
1214,AF-A0A7S0D1J4-F1-mo,441,634,True,100.0
1215,AF-A0A7S0D1J4-F1-mo,441,634,False,100.0
1216,AF-A0A6B2G036-F1-mo,442,633,True,100.0
1217,AF-A0A6B2G036-F1-mo,442,633,False,100.0
1218,AF-A0A9J2P616-F1-mo,443,632,True,100.0
1219,AF-A0A9J2P616-F1-mo,443,632,False,100.0
1220,AF-A0A8D8SEV2-F1-mo,444,631,True,100.0
1221,AF-A0A8D8SEV2-F1-mo,444,631,False,100.0
1222,AF-A0A8S2EQE7-F1-mo,445,631,True,100.0
1223,AF-A0A8S2EQE7-F1-mo,445,631,False,100.0
1224,AF-A0A2G8LNW3-F1-mo,446,628,True,100.0
1225,AF-A0A2G8LNW3-F1-mo,446,628,False,100.0
1226,AF-H3H5Q4-F1-model_,447,628,True,100.0
1227,AF-H3H5Q4-F1-model_,447,628,False,100.0
1228,AF-A0A821YIX7-F1-mo,448,626,True,100.0
1229,AF-A0A817RZ15-F1-mo,448,164,False,92.07
1230,AF-A0A817RZ15-F1-mo,448,164,False,92.07
1231,AF-A0A821YIX7-F1-mo,448,626,False,100.0
1232,AF-A0A973YGQ3-F1-mo,449,620,True,100.0
1233,AF-A0A973YGQ3-F1-mo,449,620,False,100.0
1234,AF-A0A6I9MWS8-F1-mo,450,620,True,100.0
1235,AF-A0A6I9MWS8-F1-mo,450,620,False,100.0
1236,AF-A0AAV2LVL7-F1-mo,451,620,True,100.0
1237,AF-A0A6F9CMR8-F1-mo,452,618,True,100.0
1238,AF-A0A6F9CMR8-F1-mo,452,618,False,100.0
1239,AF-A0ABD1KS39-F1-mo,453,618,True,100.0
1240,AF-A0ABD1KS39-F1-mo,453,618,False,100.0
1241,AF-A0A3S1BPS2-F1-mo,454,618,True,100.0
1242,AF-A0A3S1BPS2-F1-mo,454,618,False,100.0
1243,AF-A0A7R9B0Y0-F1-mo,455,618,True,100.0
1244,AF-A0A7R9B0Y0-F1-mo,455,618,False,100.0
1245,AF-A0A8S3Z5V8-F1-mo,456,614,True,100.0
1246,AF-A0A8S3Z5V8-F1-mo,456,614,False,100.0
1247,AF-A0A8K0GGP8-F1-mo,457,614,True,100.0
1248,AF-A0A8K0GGP8-F1-mo,457,614,False,100.0
1249,AF-T1F269-F1-model_,458,613,True,100.0
1250,AF-T1F269-F1-model_,458,613,False,100.0
1251,AF-A0A158QJ81-F1-mo,459,613,True,100.0
1252,AF-A0A158QJ81-F1-mo,459,613,False,100.0
1253,AF-A0A8X7YH43-F1-mo,460,613,True,100.0
1254,AF-F6X7Y7-F1-model_,461,611,True,100.0
1255,AF-F6X7Y7-F1-model_,461,611,False,100.0
1256,AF-A0A813JU87-F1-mo,462,610,True,100.0
1257,AF-A0A813JU87-F1-mo,462,610,False,100.0
1258,AF-A0A7S4UU07-F1-mo,463,610,True,100.0
1259,AF-A0A7S4UU07-F1-mo,463,610,False,100.0
1260,AF-A0A820W1M7-F1-mo,464,609,True,100.0
1261,AF-A0A820W1M7-F1-mo,464,609,False,100.0
1262,AF-A0A6S7J1J6-F1-mo,465,608,True,100.0
1263,AF-A0A6S7J1J6-F1-mo,465,608,False,100.0
1264,AF-A0A1V9Y3U5-F1-mo,466,607,True,100.0
1265,AF-A0A1V9Y3U5-F1-mo,466,607,False,100.0
1266,AF-A0A484KVJ1-F1-mo,467,605,True,100.0
1267,AF-A0A484KVJ1-F1-mo,467,605,False,100.0
1268,AF-A0AB34GI10-F1-mo,468,603,True,100.0
1269,AF-A0AB34GI10-F1-mo,468,603,False,100.0
1270,AF-A0AAF3J481-F1-mo,469,601,True,100.0
1271,AF-A0AAF3J481-F1-mo,469,601,False,100.0
1272,AF-A0A6V7WRF5-F1-mo,470,600,True,100.0
1273,AF-A0A6V7VL34-F1-mo,470,536,False,97.95
1274,AF-A0A6V7WRF5-F1-mo,470,600,False,100.0
1275,AF-A0A6V7VL34-F1-mo,470,536,False,97.95
1276,AF-A0A4Y2IWL4-F1-mo,471,598,True,100.0
1277,AF-A0A4Y2IWL4-F1-mo,471,598,False,100.0
1278,AF-C3ZZL8-F1-model_,472,597,True,100.0
1279,AF-C3ZZL8-F1-model_,472,597,False,100.0
1280,AF-A0A2J8RFQ9-F1-mo,473,597,True,100.0
1281,AF-A0A2J8RFQ9-F1-mo,473,597,False,100.0
1282,AF-A0A060WXK8-F1-mo,474,596,True,100.0
1283,AF-A0A060WXK8-F1-mo,474,596,False,100.0
1284,AF-A0A812NIS7-F1-mo,475,596,True,100.0
1285,AF-A0A812NIS7-F1-mo,475,596,False,100.0
1286,AF-A0A3R7KKV7-F1-mo,476,595,True,100.0
1287,AF-A0A3R7KKV7-F1-mo,476,595,False,100.0
1288,AF-A0AA47MNW2-F1-mo,477,594,True,100.0
1289,AF-A0AA47MNW2-F1-mo,477,594,False,100.0
1290,AF-A0A443S1R6-F1-mo,478,591,True,100.0
1291,AF-A0A443S1R6-F1-mo,478,591,False,100.0
1292,AF-A0A6A4QPP6-F1-mo,479,589,True,100.0
1293,AF-A0A6A4QPP6-F1-mo,479,589,False,100.0
1294,AF-A0A6V7VKY9-F1-mo,480,587,True,100.0
1295,AF-A0A6V7VKY9-F1-mo,480,587,False,100.0
1296,AF-A0A8S1DEM2-F1-mo,481,583,True,100.0
1297,AF-A0A8S1DEY4-F1-mo,481,540,False,99.44
1298,AF-A0A8S1D5R0-F1-mo,481,417,False,98.8
1299,AF-A0A8S1DEM2-F1-mo,481,583,False,100.0
1300,AF-A0A8S1DEY4-F1-mo,481,540,False,99.44
1301,AF-A0A8S1D5R0-F1-mo,481,417,False,98.8
1302,AF-A0A7S3Z4R3-F1-mo,482,582,True,100.0
1303,AF-A0A7S3Z4R3-F1-mo,482,582,False,100.0
1304,AF-A0AAV6PCR6-F1-mo,483,580,True,100.0
1305,AF-A0AAV6PCR6-F1-mo,483,580,False,100.0
1306,AF-A0A7R9L235-F1-mo,484,580,True,100.0
1307,AF-A0A7R9L235-F1-mo,484,580,False,100.0
1308,AF-A7T173-F1-model_,485,578,True,100.0
1309,AF-A7T173-F1-model_,485,578,False,100.0
1310,AF-A0AAV7ZLP2-F1-mo,486,577,True,100.0
1311,AF-A0AAV7ZLP2-F1-mo,486,577,False,100.0
1312,AF-A0A7S3BN79-F1-mo,487,576,True,100.0
1313,AF-A0A7S3BQC7-F1-mo,487,275,False,98.55
1314,AF-A0A7S3BQC7-F1-mo,487,275,False,98.55
1315,AF-A0A7S3BN79-F1-mo,487,576,False,100.0
1316,AF-A0A974HE50-F1-mo,488,572,True,100.0
1317,AF-A0A974HE50-F1-mo,488,572,False,100.0
1318,AF-A0A8C2YS04-F1-mo,489,572,True,100.0
1319,AF-A0A8C2YS04-F1-mo,489,572,False,100.0
1320,AF-A0A9D4IDV1-F1-mo,490,571,True,100.0
1321,AF-A0A9D4IDV1-F1-mo,490,571,False,100.0
1322,AF-A0AAD9NQ86-F1-mo,491,570,True,100.0
1323,AF-A0AAD9NQ86-F1-mo,491,570,False,100.0
1324,AF-A0AAV8VBX7-F1-mo,492,570,True,100.0
1325,AF-A0AAV8VBX7-F1-mo,492,570,False,100.0
1326,AF-A0A835U5U2-F1-mo,493,570,True,100.0
1327,AF-A0A835U5U2-F1-mo,493,570,False,100.0
1328,AF-A0A8S3Z0Q3-F1-mo,494,569,True,100.0
1329,AF-A0A8S3Z0Q3-F1-mo,494,569,False,100.0
1330,AF-A0A0L0FU33-F1-mo,495,567,True,100.0
1331,AF-A0A0L0FU33-F1-mo,495,567,False,100.0
1332,AF-A0A8S4BXM3-F1-mo,496,565,True,100.0
1333,AF-A0A8S4BXM3-F1-mo,496,565,False,100.0
1334,AF-A0A0R1E8N1-F1-mo,497,565,True,100.0
1335,AF-A0A0R1E8N1-F1-mo,497,565,False,100.0
1336,MGYP001428331725,498,565,True,100.0
1337,MGYP001428331725,498,565,False,100.0
1338,AF-A0A8C4RYS8-F1-mo,499,564,True,100.0
1339,AF-A0A8C4RYS8-F1-mo,499,564,False,100.0
1340,AF-A0A0D8XPP7-F1-mo,500,564,True,100.0
1341,AF-A0A0D8XPP7-F1-mo,500,564,False,100.0
1342,AF-A0A8S4DJ59-F1-mo,501,563,True,100.0
1343,AF-A0A8S4DJ59-F1-mo,501,563,False,100.0
1344,AF-A0A183AS46-F1-mo,502,559,True,100.0
1345,AF-A0A817H2W5-F1-mo,503,558,True,100.0
1346,AF-A0A821IUN5-F1-mo,503,408,False,97.3
1347,AF-A0A817H2W5-F1-mo,503,558,False,100.0
1348,AF-A0A821IUN5-F1-mo,503,408,False,97.3
1349,AF-A0AAD7SQN5-F1-mo,504,556,True,100.0
1350,AF-A0AAD7SQN5-F1-mo,504,556,False,100.0
1351,AF-A0AAZ3QBH6-F1-mo,505,552,True,100.0
1352,AF-A0AAZ3QBH6-F1-mo,505,552,False,100.0
1353,AF-A0A8B9Q8Q4-F1-mo,506,552,True,100.0
1354,AF-A0A183I937-F1-mo,507,552,True,100.0
1355,AF-A0A183I937-F1-mo,507,552,False,100.0
1356,AF-A0A7S4EXY0-F1-mo,508,551,True,100.0
1357,AF-A0A7S4EXY0-F1-mo,508,551,False,100.0
1358,AF-A0A669F8I7-F1-mo,509,550,True,100.0
1359,AF-A0A669F8I7-F1-mo,509,550,False,100.0
1360,AF-A0A6B2L0Y6-F1-mo,510,550,True,100.0
1361,AF-A0A6B2L0Y6-F1-mo,510,550,False,100.0
1362,AF-A0A6P4ED45-F1-mo,511,549,True,100.0
1363,AF-A0A6P4ED45-F1-mo,511,549,False,100.0
1364,AF-A0A2J7R0H6-F1-mo,512,548,True,100.0
1365,AF-A0A2J7R0H6-F1-mo,512,548,False,100.0
1366,AF-A0A8S3YUI8-F1-mo,513,545,True,100.0
1367,AF-A0A8S3YUI8-F1-mo,513,545,False,100.0
1368,AF-A0A0L7KV50-F1-mo,514,545,True,100.0
1369,AF-A0A0L7KV50-F1-mo,514,545,False,100.0
1370,AF-A0A914XE30-F1-mo,515,543,True,100.0
1371,AF-A0A914XQ70-F1-mo,515,422,False,96.92
1372,AF-A0A914XE30-F1-mo,515,543,False,100.0
1373,AF-A0A914XQ70-F1-mo,515,422,False,96.92
1374,AF-D2I3S8-F1-model_,516,542,True,100.0
1375,AF-D2I3S8-F1-model_,516,542,False,100.0
1376,AF-A0A177AQG0-F1-mo,517,541,True,100.0
1377,AF-A0A177AQG0-F1-mo,517,541,False,100.0
1378,AF-A0A183JCV8-F1-mo,518,540,True,100.0
1379,AF-A0A430PXT1-F1-mo,518,438,False,99.54
1380,AF-A0A183JCV8-F1-mo,518,540,False,100.0
1381,AF-A0A430PXT1-F1-mo,518,438,False,99.54
1382,AF-A0A8B9NCQ2-F1-mo,519,539,True,100.0
1383,AF-A0A8B9NCQ2-F1-mo,519,539,False,100.0
1384,AF-F6R5V5-F1-model_,520,539,True,100.0
1385,AF-F6R5V5-F1-model_,520,539,False,100.0
1386,AF-A0A9D4NVW3-F1-mo,521,536,True,100.0
1387,AF-A0A9D4NVW3-F1-mo,521,536,False,100.0
1388,AF-V8PBC7-F1-model_,522,534,True,100.0
1389,AF-V8PBC7-F1-model_,522,534,False,100.0
1390,AF-A0A8J8P6A3-F1-mo,523,533,True,100.0
1391,AF-A0A8J8P6A3-F1-mo,523,533,False,100.0
1392,AF-A0ABD2QRI7-F1-mo,524,533,True,100.0
1393,AF-A0ABD2QRI7-F1-mo,524,533,False,100.0
1394,AF-A0A368GKK6-F1-mo,525,531,True,100.0
1395,AF-A0A368GKK6-F1-mo,525,531,False,100.0
1396,AF-A0A9N9QVJ7-F1-mo,526,530,True,100.0
1397,AF-A0A9N9QVJ7-F1-mo,526,530,False,100.0
1398,AF-A0A368GPS0-F1-mo,527,529,True,100.0
1399,AF-A0A368GPS0-F1-mo,527,529,False,100.0
1400,AF-A0AAD6AEM4-F1-mo,528,528,True,100.0
1401,AF-A0AAD6AEM4-F1-mo,528,528,False,100.0
1402,AF-A0A915APT4-F1-mo,529,528,True,100.0
1403,AF-A0A915APT4-F1-mo,529,528,False,100.0
1404,AF-A0A914XSB9-F1-mo,530,527,True,100.0
1405,AF-A0A914XSB9-F1-mo,530,527,False,100.0
1406,AF-A0A556V194-F1-mo,531,526,True,100.0
1407,AF-A0A556V194-F1-mo,531,526,False,100.0
1408,AF-A0A3Q1GE93-F1-mo,532,525,True,100.0
1409,AF-A0A3Q1GE93-F1-mo,532,525,False,100.0
1410,AF-A0A914YQC1-F1-mo,533,525,True,100.0
1411,AF-A0A914YQC1-F1-mo,533,525,False,100.0
1412,AF-A0AAV2LVK2-F1-mo,534,525,True,100.0
1413,AF-A0A821TR04-F1-mo,535,524,True,100.0
1414,AF-A0A821TR04-F1-mo,535,524,False,100.0
1415,AF-A0A3P7FGZ1-F1-mo,536,523,True,100.0
1416,AF-J9ESR3-F1-model_,536,496,False,100.0
1417,AF-A0A3P7FGZ1-F1-mo,536,523,False,100.0
1418,AF-J9ESR3-F1-model_,536,496,False,100.0
1419,AF-A0ABD2QNM9-F1-mo,537,521,True,100.0
1420,AF-A0A8C0UDY1-F1-mo,538,520,True,100.0
1421,AF-A0A8C0UDY1-F1-mo,538,520,False,100.0
1422,AF-A0A1W7R470-F1-mo,539,520,True,100.0
1423,AF-A0A1W7R470-F1-mo,539,520,False,100.0
1424,AF-A0A9Q0WY45-F1-mo,540,517,True,100.0
1425,AF-A0A9Q0WY45-F1-mo,540,517,False,100.0
1426,AF-E4WT37-F1-model_,541,512,True,100.0
1427,AF-E4WT37-F1-model_,541,512,False,100.0
1428,AF-A0AAR5QG10-F1-mo,542,512,True,100.0
1429,AF-A0AAR5QG10-F1-mo,542,512,False,100.0
1430,AF-A0A077ZB03-F1-mo,543,510,True,100.0
1431,AF-A0A077ZB03-F1-mo,543,510,False,100.0
1432,AF-A0A077ZB03-F1-mo,543,510,False,100.0
1433,AF-A0A077ZB03-F1-mo,543,510,False,100.0
1434,AF-A0A0M3J501-F1-mo,544,509,True,100.0
1435,AF-A0A0M3J501-F1-mo,544,509,False,100.0
1436,AF-A0A818XBF7-F1-mo,545,508,True,100.0
1437,AF-A0A818XBF7-F1-mo,545,508,False,100.0
1438,AF-A0A158QRC0-F1-mo,546,508,True,100.0
1439,AF-A0A158QRC0-F1-mo,546,508,False,100.0
1440,AF-A0A7S3YVE3-F1-mo,547,508,True,100.0
1441,AF-A0A7S3YVE3-F1-mo,547,508,False,100.0
1442,AF-A0A151P375-F1-mo,548,506,True,100.0
1443,AF-A0A151P375-F1-mo,548,506,False,100.0
1444,AF-N6SRF8-F1-model_,549,506,True,100.0
1445,AF-N6SRF8-F1-model_,549,506,False,100.0
1446,AF-A0A8K0NYF1-F1-mo,550,505,True,100.0
1447,AF-A0A8K0NYF1-F1-mo,550,505,False,100.0
1448,AF-A0A7I8V5E3-F1-mo,551,505,True,100.0
1449,AF-A0A7I8V5E3-F1-mo,551,505,False,100.0
1450,AF-H2YLN4-F1-model_,552,504,True,100.0
1451,AF-H2YLN4-F1-model_,552,504,False,100.0
1452,AF-A0A7S1LF86-F1-mo,553,504,True,100.0
1453,AF-A0A7S1LF86-F1-mo,553,504,False,100.0
1454,AF-A0A8S4DI04-F1-mo,554,503,True,100.0
1455,AF-A0A8S4DI04-F1-mo,554,503,False,100.0
1456,AF-A0A9P3N0G7-F1-mo,555,503,True,100.0
1457,AF-A0A7R8ZE57-F1-mo,556,502,True,100.0
1458,AF-A0A7R8ZE57-F1-mo,556,502,False,100.0
1459,AF-S8E9K8-F1-model_,557,500,True,100.0
1460,AF-S8E9K8-F1-model_,557,500,False,100.0
1461,AF-A0A091QG68-F1-mo,558,499,True,100.0
1462,AF-A0A091QG68-F1-mo,558,499,False,100.0
1463,AF-A0A9Q1DAC4-F1-mo,559,499,True,100.0
1464,AF-A0A9Q1DAC4-F1-mo,559,499,False,100.0
1465,AF-A0A0J7N2Y3-F1-mo,560,498,True,100.0
1466,AF-A0A0J7N2Y3-F1-mo,560,498,False,100.0
1467,AF-A0A4W5L8E6-F1-mo,561,497,True,100.0
1468,AF-A0A4W5L8E6-F1-mo,561,497,False,100.0
1469,AF-A0A8C5T3N5-F1-mo,562,495,True,100.0
1470,AF-A0A8C5T3N5-F1-mo,562,495,False,100.0
1471,AF-A0A6F9BY74-F1-mo,563,494,True,100.0
1472,AF-A0A6F9BY74-F1-mo,563,494,False,100.0
1473,AF-A0A6A7FSW2-F1-mo,564,494,True,100.0
1474,AF-A0A6A7FSW2-F1-mo,564,494,False,100.0
1475,AF-A0A2Y9GZJ7-F1-mo,565,493,True,100.0
1476,AF-A0A2Y9GZJ7-F1-mo,565,493,False,100.0
1477,AF-A0A3B4BM33-F1-mo,566,492,True,100.0
1478,AF-A0A3B4BM33-F1-mo,566,492,False,100.0
1479,AF-A0A7F8RLG2-F1-mo,567,492,True,100.0
1480,AF-A0A7F8RLG2-F1-mo,567,492,False,100.0
1481,AF-A0A0M3KAN0-F1-mo,568,491,True,100.0
1482,AF-A0A0M3J8W4-F1-mo,568,206,False,92.72
1483,AF-A0A0M3KAN0-F1-mo,568,491,False,100.0
1484,AF-A0A0A1U3K3-F1-mo,569,490,True,100.0
1485,AF-A0A0A1U3K3-F1-mo,569,490,False,100.0
1486,AF-A0A7R9GZC7-F1-mo,570,490,True,100.0
1487,AF-A0A7R9GZC7-F1-mo,570,490,False,100.0
1488,AF-A0A2K6L5A3-F1-mo,571,489,True,100.0
1489,AF-A0A2K6L5A3-F1-mo,571,489,False,100.0
1490,AF-A0A819ZWP4-F1-mo,572,486,True,100.0
1491,AF-A0A819ZWP4-F1-mo,572,486,False,100.0
1492,AF-U4UL03-F1-model_,573,485,True,100.0
1493,AF-U4UL03-F1-model_,573,485,False,100.0
1494,AF-A0AAD3NN43-F1-mo,574,485,True,100.0
1495,AF-A0A7S1NMK7-F1-mo,575,485,True,100.0
1496,AF-A0A7S1NMK7-F1-mo,575,485,False,100.0
1497,AF-A0A7J7JRQ0-F1-mo,576,484,True,100.0
1498,AF-A0A7J7JRQ0-F1-mo,576,484,False,100.0
1499,AF-A0A3B5M9M3-F1-mo,577,483,True,100.0
1500,AF-A0A3B5M9M3-F1-mo,577,483,False,100.0
1501,AF-A0AAV2AQ35-F1-mo,578,483,True,100.0
1502,AF-A0AAV2AQ35-F1-mo,578,483,False,100.0
1503,AF-A0A1I8B460-F1-mo,579,483,True,100.0
1504,AF-A0A1I8B460-F1-mo,579,483,False,100.0
1505,AF-A0A6G1QMZ4-F1-mo,580,481,True,100.0
1506,AF-A0A6G1QMZ4-F1-mo,580,481,False,100.0
1507,AF-A0A8D8RSR5-F1-mo,581,481,True,100.0
1508,AF-A0A2G9S9H0-F1-mo,582,479,True,100.0
1509,AF-A0A2G9S9H0-F1-mo,582,479,False,100.0
1510,AF-A0A3M7SW70-F1-mo,583,479,True,100.0
1511,AF-A0A3M7SW70-F1-mo,583,479,False,100.0
1512,AF-A0A913WTW8-F1-mo,584,477,True,100.0
1513,AF-A0A913WTW8-F1-mo,584,477,False,100.0
1514,AF-A0A8B6XM53-F1-mo,585,476,True,100.0
1515,AF-A0A8B6XM53-F1-mo,585,476,False,100.0
1516,AF-A0A1S3QV87-F1-mo,586,472,True,100.0
1517,AF-A0A1S3QV87-F1-mo,586,472,False,100.0
1518,AF-A0A3B5MWP0-F1-mo,587,472,True,100.0
1519,AF-A0A3B5MWP0-F1-mo,587,472,False,100.0
1520,AF-A0A0A9WQR3-F1-mo,588,472,True,100.0
1521,AF-A0A0A9WQR3-F1-mo,588,472,False,100.0
1522,AF-A0A8S3YZ24-F1-mo,589,472,True,100.0
1523,AF-A0A8S3YZ24-F1-mo,589,472,False,100.0
1524,AF-A0A6H5HQ23-F1-mo,590,472,True,100.0
1525,AF-A0A6H5HQ23-F1-mo,590,472,False,100.0
1526,AF-A0AAW0PHZ7-F1-mo,591,472,True,100.0
1527,AF-A0A914WB89-F1-mo,592,470,True,100.0
1528,AF-A0A914XG83-F1-mo,592,389,False,91.52
1529,AF-A0A914XG83-F1-mo,592,389,False,91.52
1530,AF-A0A914WB89-F1-mo,592,470,False,100.0
1531,AF-A0A8B9S359-F1-mo,593,469,True,100.0
1532,AF-A0A8B9S359-F1-mo,593,469,False,100.0
1533,AF-A0AA88LES4-F1-mo,594,466,True,100.0
1534,AF-A0AA88LES4-F1-mo,594,466,False,100.0
1535,AF-A0A6V2RNV9-F1-mo,595,464,True,100.0
1536,AF-A0A6V2RNV9-F1-mo,595,464,False,100.0
1537,AF-A0A6B0SBU8-F1-mo,596,463,True,100.0
1538,AF-A0A6B0SBU8-F1-mo,596,463,False,100.0
1539,AF-A0A9L0IGU7-F1-mo,597,462,True,100.0
1540,AF-A0A9L0IGU7-F1-mo,597,462,False,100.0
1541,AF-A0A3Q2YRV2-F1-mo,598,462,True,100.0
1542,AF-A0A3Q2YRV2-F1-mo,598,462,False,100.0
1543,AF-A0AAV2LVL5-F1-mo,599,462,True,100.0
1544,AF-A0AAW0NQ38-F1-mo,600,461,True,100.0
1545,AF-A0AAW0NQ38-F1-mo,600,461,False,100.0
1546,AF-A0A0C2G3H6-F1-mo,601,461,True,100.0
1547,AF-A0A0C2G3H6-F1-mo,601,461,False,100.0
1548,AF-A0A3Q1JLF1-F1-mo,602,416,False,90.14
1549,AF-A0A668U3Y2-F1-mo,602,460,True,100.0
1550,AF-A0A3Q1JLF1-F1-mo,602,416,False,90.14
1551,AF-A0A668U3Y2-F1-mo,602,460,False,100.0
1552,AF-A0A7S4UEG2-F1-mo,603,460,True,100.0
1553,AF-A0A7S4UEG2-F1-mo,603,460,False,100.0
1554,AF-A0A3B3S2L7-F1-mo,604,459,True,100.0
1555,AF-A0A3B3S2L7-F1-mo,604,459,False,100.0
1556,AF-A0A2K3PAI8-F1-mo,605,459,True,100.0
1557,AF-A0A2K3PAI8-F1-mo,605,459,False,100.0
1558,AF-A0A3Q1EIG3-F1-mo,606,455,True,100.0
1559,AF-A0A3Q1EIG3-F1-mo,606,455,False,100.0
1560,MGYP001059347393,607,455,True,100.0
1561,MGYP001059347393,607,455,False,100.0
1562,AF-A0A3B3CX11-F1-mo,608,454,True,100.0
1563,AF-A0A3B3CX11-F1-mo,608,454,False,100.0
1564,AF-B0WBZ0-F1-model_,609,387,False,90.7
1565,AF-A0ABD1CJG4-F1-mo,609,454,True,100.0
1566,AF-B0WBZ0-F1-model_,609,387,False,90.7
1567,AF-A0ABD1CJG4-F1-mo,609,454,False,100.0
1568,AF-A0A4U5LX43-F1-mo,610,454,True,100.0
1569,AF-A0A4U5LX43-F1-mo,610,454,False,100.0
1570,AF-A0A0N4U6X7-F1-mo,611,453,True,100.0
1571,AF-A0A0N4U6X7-F1-mo,611,453,False,100.0
1572,AF-A0A0N4U6X7-F1-mo,611,453,False,100.0
1573,AF-A0A0N4U6X7-F1-mo,611,453,False,100.0
1574,AF-A0A060X1F1-F1-mo,612,453,True,100.0
1575,AF-A0A060X1F1-F1-mo,612,453,False,100.0
1576,AF-A0AB34GG41-F1-mo,613,451,True,100.0
1577,AF-A0A8D9F216-F1-mo,614,451,True,100.0
1578,AF-A0A8D9F216-F1-mo,614,451,False,100.0
1579,AF-A0A7S1YB79-F1-mo,615,449,True,100.0
1580,AF-A0A7S1YB79-F1-mo,615,449,False,100.0
1581,AF-A0A9D5AW82-F1-mo,616,449,True,100.0
1582,AF-A0A9D5AW82-F1-mo,616,449,False,100.0
1583,AF-L8I5C6-F1-model_,617,448,True,100.0
1584,AF-L8I5C6-F1-model_,617,448,False,100.0
1585,AF-A0ABC9HFG2-F1-mo,618,447,True,100.0
1586,AF-A0A0Q5U704-F1-mo,619,446,True,100.0
1587,AF-A0A0Q5U704-F1-mo,619,446,False,100.0
1588,AF-A0AA36MTU3-F1-mo,620,444,True,100.0
1589,AF-A0A5E4QNF1-F1-mo,621,443,True,100.0
1590,AF-A0A5E4QNF1-F1-mo,621,443,False,100.0
1591,AF-L8Y928-F1-model_,622,441,True,100.0
1592,AF-Q4S7Z5-F1-model_,623,440,True,100.0
1593,AF-Q4S7Z5-F1-model_,623,440,False,100.0
1594,AF-A0A0M3KC92-F1-mo,624,439,True,100.0
1595,AF-A0A0M3KC92-F1-mo,624,439,False,100.0
1596,AF-A0A9Q9XTT8-F1-mo,625,439,True,100.0
1597,AF-A0A9Q9XTU1-F1-mo,625,389,False,99.74
1598,AF-A0A9Q9XTT8-F1-mo,625,439,False,100.0
1599,AF-A0A9Q9XTU1-F1-mo,625,389,False,99.74
1600,AF-A0A8C9Q8C8-F1-mo,626,438,True,100.0
1601,AF-A0A8C9Q8C8-F1-mo,626,438,False,100.0
1602,AF-A0A6G1S433-F1-mo,627,437,True,100.0
1603,AF-A0A6G1S433-F1-mo,627,437,False,100.0
1604,AF-A0A817LRA3-F1-mo,628,437,True,100.0
1605,AF-A0A817LRA3-F1-mo,628,437,False,100.0
1606,AF-A0A915PF84-F1-mo,629,437,True,100.0
1607,AF-A0A915PF84-F1-mo,629,437,False,100.0
1608,AF-A0A835TXX3-F1-mo,630,437,True,100.0
1609,AF-A0A6A5DPM4-F1-mo,631,436,True,100.0
1610,AF-A0A6A5DPM4-F1-mo,631,436,False,100.0
1611,AF-A0A4U5LX63-F1-mo,632,436,True,100.0
1612,AF-A0A4U5LX63-F1-mo,632,436,False,100.0
1613,AF-A0A1A9VXU8-F1-mo,633,434,True,100.0
1614,AF-A0A1A9VXU8-F1-mo,633,434,False,100.0
1615,AF-A0A8C7ARI8-F1-mo,634,433,True,100.0
1616,AF-A0A8C7ARI8-F1-mo,634,433,False,100.0
1617,AF-A0A8C6UCF1-F1-mo,635,433,True,100.0
1618,AF-A0A8C6UCF1-F1-mo,635,433,False,100.0
1619,AF-A0A5N5SNQ7-F1-mo,636,432,True,100.0
1620,AF-A0A5N5SNQ7-F1-mo,636,432,False,100.0
1621,AF-A0A7S3N1S7-F1-mo,637,432,True,100.0
1622,AF-A0A7S3N1S7-F1-mo,637,432,False,100.0
1623,AF-A0A7S1EWR7-F1-mo,638,432,True,100.0
1624,AF-A0A7S1EWR7-F1-mo,638,432,False,100.0
1625,MGYP000926044221,639,431,True,100.0
1626,MGYP000926044221,639,431,False,100.0
1627,AF-A0A1B6IDG8-F1-mo,640,353,False,100.0
1628,AF-A0A1B6F119-F1-mo,640,327,False,96.94
1629,AF-A0A1B6J0B9-F1-mo,640,427,True,100.0
1630,AF-A0A1B6F119-F1-mo,640,327,False,96.94
1631,AF-A0A1B6IDG8-F1-mo,640,353,False,100.0
1632,AF-A0A1B6J0B9-F1-mo,640,427,False,100.0
1633,AF-A0A8D8WBM7-F1-mo,641,426,True,100.0
1634,AF-A0A8D8WBM7-F1-mo,641,426,False,100.0
1635,AF-A0A8C9G456-F1-mo,642,425,True,100.0
1636,AF-A0A2P4S5Z1-F1-mo,642,299,False,92.31
1637,AF-A0A8C9G456-F1-mo,642,425,False,100.0
1638,AF-A0A2P4S5Z1-F1-mo,642,299,False,92.31
1639,AF-A0A1B6EJ04-F1-mo,643,423,True,100.0
1640,AF-A0A1B6HE88-F1-mo,643,278,False,100.0
1641,AF-A0A1B6HE88-F1-mo,643,278,False,100.0
1642,AF-A0A1B6EJ04-F1-mo,643,423,False,100.0
1643,AF-L7MCG5-F1-model_,644,423,True,100.0
1644,AF-A0A914YPY7-F1-mo,645,422,True,100.0
1645,AF-A0A914PMU0-F1-mo,645,324,False,94.14
1646,AF-A0A914QFY5-F1-mo,645,239,False,95.4
1647,AF-A0A914YPY7-F1-mo,645,422,False,100.0
1648,AF-A0A914QFY5-F1-mo,645,239,False,95.4
1649,AF-A0A914PMU0-F1-mo,645,324,False,94.14
1650,AF-A0A6J2Y580-F1-mo,646,422,True,100.0
1651,AF-A0A6J2Y580-F1-mo,646,422,False,100.0
1652,AF-A0A822F568-F1-mo,647,422,True,100.0
1653,AF-A0A822F568-F1-mo,647,422,False,100.0
1654,AF-A0AAN8LAW1-F1-mo,648,422,True,100.0
1655,AF-A0A4W5NQ46-F1-mo,648,224,False,90.18
1656,AF-A0AAN8LAW1-F1-mo,648,422,False,100.0
1657,AF-A0A2G9R5J2-F1-mo,649,421,True,100.0
1658,AF-A0A2G9R5J2-F1-mo,649,421,False,100.0
1659,AF-A0A8C0HRZ2-F1-mo,650,420,True,100.0
1660,AF-A0A094KHS2-F1-mo,650,126,False,94.44
1661,AF-A0A8C0HRZ2-F1-mo,650,420,False,100.0
1662,AF-A0A094KHS2-F1-mo,650,126,False,94.44
1663,AF-A0A8E0RQW4-F1-mo,651,418,True,100.0
1664,MGYP001084979679,652,417,True,100.0
1665,MGYP001084979679,652,417,False,100.0
1666,AF-A0A8C1V2T1-F1-mo,653,416,True,100.0
1667,AF-A0A8C1V2T1-F1-mo,653,416,False,100.0
1668,AF-A0A8C9S4R7-F1-mo,654,415,True,100.0
1669,AF-A0A8C9S4R7-F1-mo,654,415,False,100.0
1670,AF-A0ABD6EWQ7-F1-mo,655,415,True,100.0
1671,AF-A0ABD6EWQ7-F1-mo,655,415,False,100.0
1672,AF-A0AAV6G8Z4-F1-mo,656,412,True,100.0
1673,AF-A0AAV6G8Z4-F1-mo,656,412,False,100.0
1674,AF-A0AAD9PAY0-F1-mo,657,412,True,100.0
1675,AF-A0AAD9PAY0-F1-mo,657,412,False,100.0
1676,AF-A0A2K5LTU3-F1-mo,658,350,False,94.29
1677,AF-A0A2I3H504-F1-mo,658,411,True,100.0
1678,AF-A0A2I3H504-F1-mo,658,411,False,100.0
1679,AF-A0A2K5LTU3-F1-mo,658,350,False,94.29
1680,AF-A0A3B1KH08-F1-mo,659,411,True,100.0
1681,AF-A0A3B1KH08-F1-mo,659,411,False,100.0
1682,AF-A0A4P9YBK6-F1-mo,660,411,True,100.0
1683,AF-A0A4P9YBK6-F1-mo,660,411,False,100.0
1684,AF-A0A671FE17-F1-mo,661,409,True,100.0
1685,AF-A0A671FE17-F1-mo,661,409,False,100.0
1686,AF-A0A1Y3AZX3-F1-mo,662,409,True,100.0
1687,AF-A0A1Y3AZX3-F1-mo,662,409,False,100.0
1688,AF-A0AAN9AFM6-F1-mo,663,409,True,100.0
1689,AF-A0AAN9AFM6-F1-mo,663,409,False,100.0
1690,AF-A0A2G9P7X7-F1-mo,664,408,True,100.0
1691,AF-A0A2G9P870-F1-mo,664,362,False,92.27
1692,AF-A0A2G9P7X7-F1-mo,664,408,False,100.0
1693,AF-A0A2G9P870-F1-mo,664,362,False,92.27
1694,AF-A0A9Q9XTV9-F1-mo,665,407,True,100.0
1695,AF-A0A9Q9XTV9-F1-mo,665,407,False,100.0
1696,AF-A0A9Q1J915-F1-mo,666,407,True,100.0
1697,AF-A0A9Q1J915-F1-mo,666,407,False,100.0
1698,AF-A0A1B6H8Z1-F1-mo,667,405,True,100.0
1699,AF-A0A1B6H8Z1-F1-mo,667,405,False,100.0
1700,AF-A0A212CB16-F1-mo,668,405,True,100.0
1701,AF-A0A212CB16-F1-mo,668,405,False,100.0
1702,AF-A0A6P8IR92-F1-mo,669,404,True,100.0
1703,AF-A0A6P8IR92-F1-mo,669,404,False,100.0
1704,AF-A0A182SNB2-F1-mo,670,403,True,100.0
1705,AF-A0A182SNB2-F1-mo,670,403,False,100.0
1706,AF-A0A6G1RKJ9-F1-mo,671,403,True,100.0
1707,AF-A0A6G1RKJ9-F1-mo,671,403,False,100.0
1708,AF-A0AAD3NHI1-F1-mo,672,402,True,100.0
1709,AF-A0AAD3NHI1-F1-mo,672,402,False,100.0
1710,AF-A0A8S2TM37-F1-mo,673,402,True,100.0
1711,AF-A0A8S2TM37-F1-mo,673,402,False,100.0
1712,AF-G9L1K2-F1-model_,674,401,True,100.0
1713,AF-G9L1K2-F1-model_,674,401,False,100.0
1714,AF-A0A8C5QND5-F1-mo,675,400,True,100.0
1715,AF-A0A8C5QND5-F1-mo,675,400,False,100.0
1716,AF-A0A673AB28-F1-mo,676,400,True,100.0
1717,AF-A0A673AB28-F1-mo,676,400,False,100.0
1718,AF-A0AAV4T2Y5-F1-mo,677,397,True,100.0
1719,AF-A0AAV4T2Y5-F1-mo,677,397,False,100.0
1720,AF-A0A132A559-F1-mo,678,397,True,100.0
1721,AF-A0A3P9HVJ2-F1-mo,679,396,True,100.0
1722,AF-A0A3P9HVJ2-F1-mo,679,396,False,100.0
1723,AF-A0A8T0DFV0-F1-mo,680,394,True,100.0
1724,AF-A0A8T0DFV0-F1-mo,680,394,False,100.0
1725,AF-A0A6P8KEP4-F1-mo,681,393,True,100.0
1726,AF-A0A6P8KEP4-F1-mo,681,393,False,100.0
1727,AF-A0A493SW24-F1-mo,682,392,True,100.0
1728,AF-A0A493SW24-F1-mo,682,392,False,100.0
1729,AF-A0A1D6MTE1-F1-mo,683,392,True,100.0
1730,AF-A0A1D6MTE1-F1-mo,683,392,False,100.0
1731,AF-A0A2D4GX56-F1-mo,684,390,True,100.0
1732,AF-A0A2D4GX56-F1-mo,684,390,False,100.0
1733,AF-A0A9Q9XTU3-F1-mo,685,389,True,100.0
1734,AF-A0A9Q9XTU3-F1-mo,685,389,False,100.0
1735,AF-A0A3P7D5Q0-F1-mo,686,389,True,100.0
1736,AF-A0A3P7D5Q0-F1-mo,686,389,False,100.0
1737,AF-A0A8B8GK71-F1-mo,687,389,True,100.0
1738,AF-A0A8B8GK71-F1-mo,687,389,False,100.0
1739,AF-A0A8D3AW86-F1-mo,688,389,True,100.0
1740,AF-E4Z1J3-F1-model_,689,388,True,100.0
1741,AF-E4Z1J3-F1-model_,689,388,False,100.0
1742,AF-C3ZYD6-F1-model_,690,387,True,100.0
1743,AF-C3ZYD6-F1-model_,690,387,False,100.0
1744,AF-A0A340Y7Z5-F1-mo,691,386,True,100.0
1745,AF-A0A340Y7Z5-F1-mo,691,386,False,100.0
1746,AF-A0A5S6Q588-F1-mo,692,386,True,100.0
1747,AF-A0A5S6Q588-F1-mo,692,386,False,100.0
1748,AF-A0A7S0GZM8-F1-mo,693,385,True,100.0
1749,AF-A0A7S0GZM8-F1-mo,693,385,False,100.0
1750,AF-G3NS76-F1-model_,694,384,True,100.0
1751,AF-A0A4Y2T832-F1-mo,695,383,True,100.0
1752,AF-A0A4Y2T832-F1-mo,695,383,False,100.0
1753,AF-A0A452S1I9-F1-mo,696,381,True,100.0
1754,AF-A0A452S1I9-F1-mo,696,381,False,100.0
1755,AF-A0A8C4Q810-F1-mo,697,381,True,100.0
1756,AF-A0A8C4Q810-F1-mo,697,381,False,100.0
1757,AF-A0A9P0DL10-F1-mo,698,381,True,100.0
1758,AF-A0A9P0DL10-F1-mo,698,381,False,100.0
1759,AF-A0A0B7AFF5-F1-mo,699,269,False,100.0
1760,AF-A0A0B7AES0-F1-mo,699,381,True,100.0
1761,AF-A0A0B7AFF5-F1-mo,699,269,False,100.0
1762,AF-A0A0B7AES0-F1-mo,699,381,False,100.0
1763,AF-A0A182SZF9-F1-mo,700,378,True,100.0
1764,AF-A0A182SZF9-F1-mo,700,378,False,100.0
1765,AF-A0A9N9MID0-F1-mo,701,377,True,100.0
1766,AF-A0A9N9MID0-F1-mo,701,377,False,100.0
1767,AF-A0A2I0LGP8-F1-mo,702,375,True,100.0
1768,AF-A0A2I0LGP8-F1-mo,702,375,False,100.0
1769,AF-A0A8K0GG67-F1-mo,703,375,True,100.0
1770,AF-A0A8K0GG67-F1-mo,703,375,False,100.0
1771,AF-A0A183J8J1-F1-mo,704,374,True,100.0
1772,AF-A0A183J8J1-F1-mo,704,374,False,100.0
1773,AF-A0A0M3IZK1-F1-mo,705,372,True,100.0
1774,AF-A0A183V7S0-F1-mo,705,279,False,90.32
1775,AF-A0A0M3IZK1-F1-mo,705,372,False,100.0
1776,AF-A0A183V7S0-F1-mo,705,279,False,90.32
1777,AF-A0A3P6TBY3-F1-mo,706,372,True,100.0
1778,AF-A0A3P6TBY3-F1-mo,706,372,False,100.0
1779,AF-A0A4Y2N4B1-F1-mo,707,372,True,100.0
1780,AF-A0A4Y2N4B1-F1-mo,707,372,False,100.0
1781,AF-A0A0B1TC86-F1-mo,708,368,True,100.0
1782,AF-A0A0B1TC86-F1-mo,708,368,False,100.0
1783,AF-A0AAF3EXU4-F1-mo,709,367,True,100.0
1784,AF-A0AAF3EXU4-F1-mo,709,367,False,100.0
1785,AF-A7RMM5-F1-model_,710,366,True,100.0
1786,AF-A7RMM5-F1-model_,710,366,False,100.0
1787,AF-D8M022-F1-model_,711,365,True,100.0
1788,AF-D8M022-F1-model_,711,365,False,100.0
1789,AF-A0A9Q0BKV6-F1-mo,712,365,True,100.0
1790,MGYP001808524315,713,364,True,100.0
1791,AF-A0A182G145-F1-mo,714,364,True,100.0
1792,AF-A0AAE0F8A4-F1-mo,715,363,True,100.0
1793,AF-A0AAE0F8A4-F1-mo,715,363,False,100.0
1794,AF-A0A183HCD1-F1-mo,716,362,True,100.0
1795,AF-A0A183HCD1-F1-mo,716,362,False,100.0
1796,AF-A0ABD2HDG7-F1-mo,717,359,True,100.0
1797,AF-A0ABD2HDG7-F1-mo,717,359,False,100.0
1798,AF-A0A183VD39-F1-mo,718,357,True,100.0
1799,AF-A0A183VD39-F1-mo,718,357,False,100.0
1800,MGYP004143766219,719,357,True,100.0
1801,MGYP004143766219,719,357,False,100.0
1802,AF-A0A8C5MLX6-F1-mo,720,356,True,100.0
1803,AF-A0A8C5MLX6-F1-mo,720,356,False,100.0
1804,AF-A0AAD9NNZ4-F1-mo,721,356,True,100.0
1805,AF-A0AAD9NNZ4-F1-mo,721,356,False,100.0
1806,AF-A0A2S2NEI4-F1-mo,722,355,True,100.0
1807,AF-A0A2S2NEI4-F1-mo,722,355,False,100.0
1808,AF-T1JJ10-F1-model_,723,354,True,100.0
1809,AF-T1JJ10-F1-model_,723,354,False,100.0
1810,AF-A0A0M3K218-F1-mo,724,354,True,100.0
1811,AF-A0A0M3K218-F1-mo,724,354,False,100.0
1812,AF-A0A2P6NPF4-F1-mo,725,353,True,100.0
1813,AF-A0A2P6NPF4-F1-mo,725,353,False,100.0
1814,AF-A0A2M3Z5M4-F1-mo,726,352,True,100.0
1815,AF-A0A2M3Z5M4-F1-mo,726,352,False,100.0
1816,AF-A0A1I8IJZ5-F1-mo,727,351,True,100.0
1817,AF-A0A1I8IJZ5-F1-mo,727,351,False,100.0
1818,AF-A0AAN8F2L5-F1-mo,728,350,True,100.0
1819,AF-A0AAN8F2L5-F1-mo,728,350,False,100.0
1820,AF-A0A1B8XSU9-F1-mo,729,348,True,100.0
1821,AF-A0A1B8XSU9-F1-mo,729,348,False,100.0
1822,AF-A0A8S3RJQ7-F1-mo,730,346,True,100.0
1823,AF-A0A8S3RJQ7-F1-mo,730,346,False,100.0
1824,AF-A0AAY4CM27-F1-mo,731,345,True,100.0
1825,AF-A0A2G9TQB7-F1-mo,732,345,True,100.0
1826,AF-A0A2G9TQB7-F1-mo,732,345,False,100.0
1827,AF-A0A6F9ATH3-F1-mo,733,343,True,100.0
1828,AF-A0A6F9ATH3-F1-mo,733,343,False,100.0
1829,AF-A0A8T3D2L5-F1-mo,734,342,True,100.0
1830,AF-A0A8T3D2L5-F1-mo,734,342,False,100.0
1831,AF-A0A8D0GQJ7-F1-mo,735,340,True,100.0
1832,AF-A0A8D0GQJ7-F1-mo,735,340,False,100.0
1833,AF-A0A1Y3B0P7-F1-mo,736,340,True,100.0
1834,AF-A0A1Y3B0P7-F1-mo,736,340,False,100.0
1835,AF-A0A1S3QTI3-F1-mo,737,340,True,100.0
1836,AF-A0A1S3QTI3-F1-mo,737,340,False,100.0
1837,AF-A0A4Z2ELG7-F1-mo,738,339,True,100.0
1838,AF-A0A4Z2ELG7-F1-mo,738,339,False,100.0
1839,AF-A0A817ZTM7-F1-mo,739,339,True,100.0
1840,AF-A0A817ZTM7-F1-mo,739,339,False,100.0
1841,MGYP002649313278,740,339,True,100.0
1842,MGYP002649313278,740,339,False,100.0
1843,AF-A0A6M2D0W9-F1-mo,741,339,True,100.0
1844,AF-A0A0R3TBA5-F1-mo,742,339,True,100.0
1845,AF-A0A6B2EFU6-F1-mo,743,338,True,100.0
1846,AF-A0A6B2EFU6-F1-mo,743,338,False,100.0
1847,AF-A0A9Y4NNJ4-F1-mo,744,338,True,100.0
1848,AF-A0A2G9QGA6-F1-mo,745,336,True,100.0
1849,AF-A0A6J2Y2Q0-F1-mo,746,336,True,100.0
1850,AF-A0A6J2Y2Q0-F1-mo,746,336,False,100.0
1851,AF-A0A368GKN7-F1-mo,747,335,True,100.0
1852,AF-A0A3Q0J524-F1-mo,748,333,True,100.0
1853,AF-A0A3Q0J524-F1-mo,748,333,False,100.0
1854,AF-A0A6I9MRK6-F1-mo,749,332,True,100.0
1855,AF-A0A6I9MRK6-F1-mo,749,332,False,100.0
1856,AF-A0A670I0W2-F1-mo,750,331,True,100.0
1857,AF-A0A670I0W2-F1-mo,750,331,False,100.0
1858,AF-A0AAD9CQD2-F1-mo,751,330,True,100.0
1859,AF-A0AAD9CQD2-F1-mo,751,330,False,100.0
1860,AF-A0A6J8CMV1-F1-mo,752,330,True,100.0
1861,AF-A0A6J8CMV1-F1-mo,752,330,False,100.0
1862,AF-A0A6A7GE54-F1-mo,753,329,True,100.0
1863,AF-A0A6A7GE54-F1-mo,753,329,False,100.0
1864,AF-A0A0Q9WVM2-F1-mo,754,329,True,100.0
1865,AF-A0A5C6PG30-F1-mo,755,328,True,100.0
1866,AF-A0A5C6PG30-F1-mo,755,328,False,100.0
1867,AF-A0A0R3VWS1-F1-mo,756,328,True,100.0
1868,AF-A0A7S0V5N2-F1-mo,757,327,True,100.0
1869,AF-A0A7S0V5N2-F1-mo,757,327,False,100.0
1870,AF-A0A672LET4-F1-mo,758,326,True,100.0
1871,AF-A0A672LET4-F1-mo,758,326,False,100.0
1872,AF-A0A8D9BT13-F1-mo,759,326,True,100.0
1873,AF-A0A8D9BT13-F1-mo,759,326,False,100.0
1874,AF-A0AAR5PH95-F1-mo,760,325,True,100.0
1875,AF-A0AAR5PH95-F1-mo,760,325,False,100.0
1876,AF-A0A3Q1FWF1-F1-mo,761,324,True,100.0
1877,AF-A0A3Q1FWF1-F1-mo,761,324,False,100.0
1878,AF-L8IRV3-F1-model_,762,324,True,100.0
1879,AF-L8IRV3-F1-model_,762,324,False,100.0
1880,AF-A0A484D665-F1-mo,763,324,True,100.0
1881,AF-A0A484D665-F1-mo,763,324,False,100.0
1882,AF-A0A811UNW6-F1-mo,764,323,True,100.0
1883,AF-A0A811UNW6-F1-mo,764,323,False,100.0
1884,AF-A0A7S1JC18-F1-mo,765,323,True,100.0
1885,AF-A0A7S1JC18-F1-mo,765,323,False,100.0
1886,MGYP003976619017,766,323,True,100.0
1887,MGYP003976619017,766,323,False,100.0
1888,AF-A0AAN8IK24-F1-mo,767,322,True,100.0
1889,AF-A0AAN8IK24-F1-mo,767,322,False,100.0
1890,AF-A0AAD7R7M0-F1-mo,768,319,True,100.0
1891,AF-A0AAD7R7M0-F1-mo,768,319,False,100.0
1892,AF-A0A3Q3AJ54-F1-mo,769,318,True,100.0
1893,AF-A0AAR5PG41-F1-mo,770,316,True,100.0
1894,AF-A0AAR5PG41-F1-mo,770,316,False,100.0
1895,AF-A0A6I9Z0X9-F1-mo,771,315,True,100.0
1896,AF-A0A6I9Z0X9-F1-mo,771,315,False,100.0
1897,AF-A0A822CMU4-F1-mo,772,315,True,100.0
1898,AF-A0A822CMU4-F1-mo,772,315,False,100.0
1899,AF-A0AAR5PBX4-F1-mo,773,315,True,100.0
1900,AF-A0AAR5PBX4-F1-mo,773,315,False,100.0
1901,AF-A0A8C6X240-F1-mo,774,314,True,100.0
1902,AF-A0A8C6X240-F1-mo,774,314,False,100.0
1903,AF-A0A1S3QV79-F1-mo,775,314,True,100.0
1904,AF-A0A1S3QV79-F1-mo,775,314,False,100.0
1905,AF-A0A8T2NQ65-F1-mo,776,313,True,100.0
1906,AF-A0A8T2NQ65-F1-mo,776,313,False,100.0
1907,AF-A0AAV7Y9L0-F1-mo,777,313,True,100.0
1908,AF-A0A5J5CDK9-F1-mo,778,312,True,100.0
1909,AF-A0A5J5CDK9-F1-mo,778,312,False,100.0
1910,MGYP000968413431,779,312,True,100.0
1911,MGYP000968413431,779,312,False,100.0
1912,AF-A0A3B3YH69-F1-mo,780,311,True,100.0
1913,AF-A0A3B3YH69-F1-mo,780,311,False,100.0
1914,AF-A0A3S1GYC3-F1-mo,781,311,True,100.0
1915,AF-A0A3S1GYC3-F1-mo,781,311,False,100.0
1916,AF-A0A2A2KLA2-F1-mo,782,311,True,100.0
1917,AF-A0A2A2KLA2-F1-mo,782,311,False,100.0
1918,AF-A0AAV8VC63-F1-mo,783,311,True,100.0
1919,AF-A0AAV8VC63-F1-mo,783,311,False,100.0
1920,AF-A0A8S3YZY5-F1-mo,784,309,True,100.0
1921,AF-A0A8S3YZY5-F1-mo,784,309,False,100.0
1922,AF-A0A6P4F8A0-F1-mo,785,309,True,100.0
1923,AF-A0A6P4F8A0-F1-mo,785,309,False,100.0
1924,AF-A0A6G0YNA4-F1-mo,786,308,True,100.0
1925,AF-A0A6G0YNA4-F1-mo,786,308,False,100.0
1926,AF-A0A3Q4I3S6-F1-mo,787,307,True,100.0
1927,AF-A0A3Q4I3S6-F1-mo,787,307,False,100.0
1928,AF-A0A8X8BPN0-F1-mo,788,307,True,100.0
1929,MGYP001814753479,789,306,True,100.0
1930,AF-A0A8C6U9M5-F1-mo,790,303,True,100.0
1931,AF-A0A8C6U9M5-F1-mo,790,303,False,100.0
1932,AF-A0A8S3RJ36-F1-mo,791,303,True,100.0
1933,AF-A0A8S3RJ36-F1-mo,791,303,False,100.0
1934,AF-A0A0B7AHW3-F1-mo,792,303,True,100.0
1935,AF-A0A1A6FZK6-F1-mo,793,302,True,100.0
1936,AF-A0A1A6FZK6-F1-mo,793,302,False,100.0
1937,AF-A0A8B7QJD2-F1-mo,794,301,True,100.0
1938,AF-A0A8B7QJD2-F1-mo,794,301,False,100.0
1939,MGYP000871480311,795,301,True,100.0
1940,MGYP000871480311,795,301,False,100.0
1941,AF-T1KNZ3-F1-model_,796,300,True,100.0
1942,AF-T1KNZ3-F1-model_,796,300,False,100.0
1943,AF-A0AB40DK97-F1-mo,797,300,True,100.0
1944,AF-A0AB40DK97-F1-mo,797,300,False,100.0
1945,AF-A0A974HE65-F1-mo,798,299,True,100.0
1946,AF-A0A974HE65-F1-mo,798,299,False,100.0
1947,AF-A0A8K9Y235-F1-mo,799,297,True,100.0
1948,AF-A0A8K9Y235-F1-mo,799,297,False,100.0
1949,AF-A0ABC9HHQ9-F1-mo,800,297,True,100.0
1950,AF-A0ABC9HHQ9-F1-mo,800,297,False,100.0
1951,AF-A0ABD2QNI8-F1-mo,801,296,True,100.0
1952,AF-A0A6V7M724-F1-mo,802,291,True,100.0
1953,AF-A0A6V7M724-F1-mo,802,291,False,100.0
1954,AF-A0A3P7JS90-F1-mo,803,291,True,100.0
1955,AF-A0A3P7JS90-F1-mo,803,291,False,100.0
1956,AF-A0ABD0Y9M1-F1-mo,804,290,True,100.0
1957,AF-A0ABD0Y9M1-F1-mo,804,290,False,100.0
1958,AF-A0A212CB84-F1-mo,805,290,True,100.0
1959,AF-A0A4Z2JFU7-F1-mo,806,290,True,100.0
1960,AF-A0A443SKC9-F1-mo,807,290,True,100.0
1961,AF-A0A443SKC9-F1-mo,807,290,False,100.0
1962,AF-A0A182SS01-F1-mo,808,289,True,100.0
1963,AF-A0A182SS01-F1-mo,808,289,False,100.0
1964,AF-A0A0B2V010-F1-mo,809,283,True,100.0
1965,AF-A0A0B2V010-F1-mo,809,283,False,100.0
1966,AF-A0A8C5GF00-F1-mo,810,282,True,100.0
1967,AF-A0A8C5GF00-F1-mo,810,282,False,100.0
1968,AF-A0A8C6U0L7-F1-mo,811,282,True,100.0
1969,AF-A0A8J2LZ33-F1-mo,812,282,True,100.0
1970,AF-A0A8J2LZ33-F1-mo,812,282,False,100.0
1971,AF-A0A914YCQ6-F1-mo,813,279,True,100.0
1972,AF-A0A914YCQ6-F1-mo,813,279,False,100.0
1973,AF-A0A9R0AQT2-F1-mo,814,276,True,100.0
1974,AF-A0A9R0AQT2-F1-mo,814,276,False,100.0
1975,AF-A0A7S3CLZ0-F1-mo,815,275,True,100.0
1976,AF-A0A7S3CLZ0-F1-mo,815,275,False,100.0
1977,AF-A0AAV6Z432-F1-mo,816,273,True,100.0
1978,AF-A0AAV6Z432-F1-mo,816,273,False,100.0
1979,AF-A0AAR5PES9-F1-mo,817,271,True,100.0
1980,AF-A0AAR5PES9-F1-mo,817,271,False,100.0
1981,AF-A0AA88IAZ9-F1-mo,818,270,True,100.0
1982,AF-A0AA88IAZ9-F1-mo,818,270,False,100.0
1983,AF-V9IK95-F1-model_,819,270,True,100.0
1984,AF-V9IK95-F1-model_,819,270,False,100.0
1985,AF-A0A914MI56-F1-mo,820,270,True,100.0
1986,AF-A0A914MI56-F1-mo,820,270,False,100.0
1987,AF-A0A817XFG8-F1-mo,821,269,True,100.0
1988,AF-A0A9Q1HZ82-F1-mo,822,268,True,100.0
1989,AF-A0A9Q1HZ82-F1-mo,822,268,False,100.0
1990,AF-A0A820BCK6-F1-mo,823,266,True,100.0
1991,AF-A0A820BCK6-F1-mo,823,266,False,100.0
1992,MGYP003564757857,824,265,True,100.0
1993,MGYP003564757857,824,265,False,100.0
1994,AF-A0A183HEN9-F1-mo,825,262,True,100.0
1995,AF-A0A183HEN9-F1-mo,825,262,False,100.0
1996,AF-A0AAD9BJM7-F1-mo,826,261,True,100.0
1997,AF-A0AAD9BJM7-F1-mo,826,261,False,100.0
1998,AF-A0A0S7EXS0-F1-mo,827,261,True,100.0
1999,AF-A0A7L1ZE62-F1-mo,828,259,True,100.0
2000,AF-A0A7L1ZE62-F1-mo,828,259,False,100.0
2001,AF-A0A0B7AR44-F1-mo,829,259,True,100.0
2002,AF-A0A0B7AR44-F1-mo,829,259,False,100.0
2003,AF-A0A0L8GD86-F1-mo,830,259,True,100.0
2004,AF-A0A0L8GD86-F1-mo,830,259,False,100.0
2005,AF-A0A151LZN4-F1-mo,831,257,True,100.0
2006,AF-A0A151LZN4-F1-mo,831,257,False,100.0
2007,AF-H3D0X4-F1-model_,832,257,True,100.0
2008,AF-A0A158QCP7-F1-mo,833,256,True,100.0
2009,AF-A0A158QCP7-F1-mo,833,256,False,100.0
2010,AF-A0A8C3XJ48-F1-mo,834,255,True,100.0
2011,AF-A0A8C3XJ48-F1-mo,834,255,False,100.0
2012,AF-A0A7R9DV82-F1-mo,835,255,True,100.0
2013,AF-A0A7R9DV82-F1-mo,835,255,False,100.0
2014,AF-A0A151P1F8-F1-mo,836,254,True,100.0
2015,AF-A0A151P1F8-F1-mo,836,254,False,100.0
2016,AF-A0A1D2MXR2-F1-mo,837,254,True,100.0
2017,AF-F7FJ62-F1-model_,838,248,True,100.0
2018,AF-A5WUU9-F1-model_,839,247,True,100.0
2019,AF-Q8I628-F1-model_,840,247,True,100.0
2020,AF-A0A7S3NTQ2-F1-mo,841,245,True,100.0
2021,AF-A0A7S3NTQ2-F1-mo,841,245,False,100.0
2022,AF-Q99N09-F1-model_,842,244,True,100.0
2023,AF-Q99N09-F1-model_,842,244,False,100.0
2024,AF-A0A9Q1J7Z8-F1-mo,843,244,True,100.0
2025,AF-A0A9Q1J7Z8-F1-mo,843,244,False,100.0
2026,AF-A0AA36H2F3-F1-mo,844,244,True,100.0
2027,AF-A0A3P7LZL4-F1-mo,845,243,True,100.0
2028,AF-A0A3P7LZL4-F1-mo,845,243,False,100.0
2029,ProtVar_Q13425_Q147,846,243,True,100.0
2030,A0A6J5Q163,847,241,True,100.0
2031,AF-A0A8M9PDZ8-F1-mo,848,241,True,100.0
2032,AF-A0A2D4GEN0-F1-mo,849,240,True,100.0
2033,AF-A0A2D4P0R9-F1-mo,849,105,False,100.0
2034,AF-A0A2D4P0R9-F1-mo,849,105,False,100.0
2035,AF-A0A2D4GEN0-F1-mo,849,240,False,100.0
2036,AF-A0A7K4M2A1-F1-mo,850,240,True,100.0
2037,AF-A0A7K4M2A1-F1-mo,850,240,False,100.0
2038,AF-A0AAV1Q4S4-F1-mo,851,239,True,100.0
2039,AF-A0AAV1Q4S4-F1-mo,851,239,False,100.0
2040,AF-A0A8J4UTM1-F1-mo,852,238,True,100.0
2041,AF-A0A8J4UTM1-F1-mo,852,238,False,100.0
2042,AF-A0A0N4WCJ1-F1-mo,853,238,True,100.0
2043,AF-A0A0N4WCJ1-F1-mo,853,238,False,100.0
2044,AF-A9UTL7-F1-model_,854,237,True,100.0
2045,AF-A9UTL7-F1-model_,854,237,False,100.0
2046,A0A345MQM9,855,235,True,100.0
2047,A0A345MR70,856,235,True,100.0
2048,4pkx-assembly1_A,857,235,True,100.0
2049,4pkx-assembly1_A,857,235,False,100.0
2050,AF-A0A4W4FY12-F1-mo,858,234,True,100.0
2051,AF-A0A4W4FY12-F1-mo,858,234,False,100.0
2052,AF-V5DJU7-F1-model_,859,234,True,100.0
2053,AF-V5DJU7-F1-model_,859,234,False,100.0
2054,AF-A0A060WR02-F1-mo,860,233,True,100.0
2055,AF-A0A060WR02-F1-mo,860,233,False,100.0
2056,AF-A0A7L0N4B7-F1-mo,861,232,True,100.0
2057,AF-A0A7L0N4B7-F1-mo,861,232,False,100.0
2058,AF-A0A8D8NGZ5-F1-mo,862,232,True,100.0
2059,AF-A0A8D8NGZ5-F1-mo,862,232,False,100.0
2060,AF-A0A8T2NTM8-F1-mo,863,229,True,100.0
2061,AF-A0A8T2NTM8-F1-mo,863,229,False,100.0
2062,AF-A0A151MZ28-F1-mo,864,229,True,100.0
2063,AF-A0A151MZ28-F1-mo,864,229,False,100.0
2064,AF-A0A1E1VZ39-F1-mo,865,229,True,100.0
2065,AF-A0A1E1VZ39-F1-mo,865,229,False,100.0
2066,MGYP003588615151,866,229,True,100.0
2067,MGYP003588615151,866,229,False,100.0
2068,AF-A0A8S3Z5N8-F1-mo,867,224,True,100.0
2069,AF-A0A8S3Z5N8-F1-mo,867,224,False,100.0
2070,AF-A0ABD0N4J5-F1-mo,868,224,True,100.0
2071,AF-A0A3P7JHJ4-F1-mo,869,220,True,100.0
2072,AF-A0A3P7JHJ4-F1-mo,869,220,False,100.0
2073,AF-A9UT35-F1-model_,870,220,True,100.0
2074,AF-A9UT35-F1-model_,870,220,False,100.0
2075,AF-A0A0S7EMA5-F1-mo,871,219,True,100.0
2076,AF-A0A0S7EMA5-F1-mo,871,219,False,100.0
2077,AF-K7TXM7-F1-model_,872,217,True,100.0
2078,AF-Q7XKE1-F1-model_,873,217,True,100.0
2079,AF-A5D7M8-F1-model_,874,215,True,100.0
2080,AF-A5D7M8-F1-model_,874,215,False,100.0
2081,AF-A0A3P7DXQ6-F1-mo,875,214,True,100.0
2082,AF-A0A3P7DXQ6-F1-mo,875,214,False,100.0
2083,AF-A0A3P7DXQ6-F1-mo,875,214,False,100.0
2084,AF-A0A3P7DXQ6-F1-mo,875,214,False,100.0
2085,AF-A0A7K9DJG0-F1-mo,876,214,True,100.0
2086,AF-A0A8J4IHR3-F1-mo,876,125,False,94.4
2087,AF-A0A8J4IHR3-F1-mo,876,125,False,94.4
2088,AF-A0A7K9DJG0-F1-mo,876,214,False,100.0
2089,AF-B7P8T0-F1-model_,877,214,True,100.0
2090,AF-A0A820UGJ7-F1-mo,878,214,True,100.0
2091,AF-A0A820UGJ7-F1-mo,878,214,False,100.0
2092,AF-A0A1B0CBS2-F1-mo,879,213,True,100.0
2093,AF-A0A1B0CBS2-F1-mo,879,213,False,100.0
2094,4pke-assembly1_A,880,211,True,100.0
2095,4pke-assembly1_A,880,211,False,100.0
2096,AF-L1JJU6-F1-model_,881,209,True,100.0
2097,AF-L1JJU6-F1-model_,881,209,False,100.0
2098,AF-A0A6J2Y317-F1-mo,882,208,True,100.0
2099,AF-A0A6J2Y317-F1-mo,882,208,False,100.0
2100,MGYP003659983324,883,208,True,100.0
2101,MGYP003659983324,883,208,False,100.0
2102,AF-A2Q5Z4-F1-model_,884,206,True,100.0
2103,AF-A2Q5Z4-F1-model_,884,206,False,100.0
2104,3.90.950.10,885,206,True,100.0
2105,AF-A0A1B6HUV1-F1-mo,886,205,True,100.0
2106,1.20.140.150,887,205,True,100.0
2107,AF-A0A0M3J5J3-F1-mo,888,204,True,100.0
2108,AF-A0A0M3J5J3-F1-mo,888,204,False,100.0
2109,AF-A0A091QV06-F1-mo,889,203,True,100.0
2110,AF-A0A091QV06-F1-mo,889,203,False,100.0
2111,AF-A0A368GKL3-F1-mo,890,203,True,100.0
2112,AF-A0A368GKL3-F1-mo,890,203,False,100.0
2113,AF-G9L1K0-F1-model_,891,196,True,100.0
2114,AF-G9L1K0-F1-model_,891,196,False,100.0
2115,AF-A0A0K0DK96-F1-mo,892,196,True,100.0
2116,AF-A0A0K0DK96-F1-mo,892,196,False,100.0
2117,3.90.950.10,893,195,True,100.0
2118,AF-A0A7J8DK34-F1-mo,894,194,True,100.0
2119,AF-A0AAD7R7T5-F1-mo,895,193,True,100.0
2120,AF-A0A060WRK2-F1-mo,896,192,True,100.0
2121,AF-A0A060WRK2-F1-mo,896,192,False,100.0
2122,A0A1B0WLX0,897,191,True,100.0
2123,MGYP003571918360,898,191,True,100.0
2124,MGYP003571918360,898,191,False,100.0
2125,4lu1B00,899,178,False,100.0
2126,4lu1-assembly1_A,899,191,True,100.0
2127,AF-A0A6I9PNS9-F1-mo,900,190,True,100.0
2128,AF-A0A6I9PNS9-F1-mo,900,190,False,100.0
2129,AF-A0A091WF12-F1-mo,901,189,True,100.0
2130,AF-A0A091WF12-F1-mo,901,189,False,100.0
2131,AF-A0A852EBI6-F1-mo,902,188,True,100.0
2132,AF-A0A852EBI6-F1-mo,902,188,False,100.0
2133,AF-A0A1Y3AKM2-F1-mo,903,188,True,100.0
2134,AF-A0A1Y3AKM2-F1-mo,903,188,False,100.0
2135,AF-F6QJE4-F1-model_,904,188,True,100.0
2136,AF-F6QJE4-F1-model_,904,188,False,100.0
2137,MGYP003539167077,905,187,True,100.0
2138,AF-A0A915IGZ2-F1-mo,906,184,True,100.0
2139,AF-A0A915IGZ2-F1-mo,906,184,False,100.0
2140,1.20.140.150,907,183,True,100.0
2141,1.20.140.150,907,183,False,100.0
2142,MGYP003282801336,908,183,True,100.0
2143,AF-P90908-F1-model_,909,183,True,100.0
2144,MGYP002712517963,910,181,True,100.0
2145,MGYP003477358506,911,179,True,100.0
2146,MGYP003477358506,911,179,False,100.0
2147,AF-A0A0P7W6D9-F1-mo,912,175,True,100.0
2148,AF-A0A0P7W6D9-F1-mo,912,175,False,100.0
2149,AF-H3DBK4-F1-model_,913,174,True,100.0
2150,AF-H3DBK4-F1-model_,913,174,False,100.0
2151,AF-A0AAN8FDY5-F1-mo,914,174,True,100.0
2152,AF-A0AAN8FDY5-F1-mo,914,174,False,100.0
2153,MGYP001590773217,915,174,True,100.0
2154,AF-A0A7S4DTL4-F1-mo,916,174,True,100.0
2155,AF-A0A161M2S1-F1-mo,917,173,True,100.0
2156,AF-A0A161M2S1-F1-mo,917,173,False,100.0
2157,MGYP003387015629,918,171,True,100.0
2158,MGYP003387015629,918,171,False,100.0
2159,MGYP001416617548,919,171,True,100.0
2160,1.20.140.150,920,171,True,100.0
2161,AF-A0A1Y3BM33-F1-mo,921,168,True,100.0
2162,AF-A0A1Y3BM33-F1-mo,921,168,False,100.0
2163,AF-A0A1S4EIH6-F1-mo,922,165,True,100.0
2164,AF-A0A1S4EIH6-F1-mo,922,165,False,100.0
2165,AF-A0A091M6A8-F1-mo,923,164,True,100.0
2166,AF-A0A091M6A8-F1-mo,923,164,False,100.0
2167,AF-A0A7L0XZD8-F1-mo,924,162,True,100.0
2168,AF-A0A7L0XZD8-F1-mo,924,162,False,100.0
2169,AF-A0A4U5VGN9-F1-mo,925,162,True,100.0
2170,AF-A0A4U5VGN9-F1-mo,925,162,False,100.0
2171,AF-A0A2P4S4L5-F1-mo,926,160,True,100.0
2172,AF-A0A2P4S4L5-F1-mo,926,160,False,100.0
2173,AF-A0A6I9MZX9-F1-mo,927,160,True,100.0
2174,AF-A0A6I9MZX9-F1-mo,927,160,False,100.0
2175,ProtVar_B7ZAQ6_Q130,928,153,True,100.0
2176,1.20.140.150,928,128,False,100.0
2177,2.60.40.1820,929,142,True,100.0
2178,A0A6J7WZ05,930,139,True,100.0
2179,MGYP002234551852,931,133,True,100.0
2180,MGYP003439259874,932,132,True,100.0
2181,AF-A0A0T6BBD2-F1-mo,933,131,True,100.0
2182,AF-A0A0T6BBD2-F1-mo,933,131,False,100.0
2183,A0A3T0IEA9,934,130,True,100.0
2184,2.40.30.30,935,125,True,100.0
2185,A0A8S5L4V6,936,124,True,100.0
2186,A0A8S5SMA1,937,124,True,100.0
2187,AF-A0A1A8JTR3-F1-mo,938,124,True,100.0
2188,AF-A0A1A8JTR3-F1-mo,938,124,False,100.0
2189,H9NBU2,939,119,True,100.0
2190,A0A1L3KIL5,940,118,True,100.0
2191,3.10.440.10,941,118,True,100.0
2192,2qud-assembly1_B,942,117,True,100.0
2193,A0A8S5L0T3,943,116,True,100.0
2194,A0A514CU95,944,110,True,100.0
2195,2.60.40.10,945,105,True,100.0
2196,A0A4P8W7L3,946,98,True,100.0
2197,A0A1B0WLV9,947,88,True,100.0
2198,A0A6G5YKC7,948,78,True,100.0
