,target,taxID
0,AF-Q9H5I5-2-F1-model_v6,9606
1,AF-A0AB32U1Q1-F1-model_v6,7955
2,AF-Q4DXU9-F1-model_v6,353153
3,AF-M9MSG8-F1-model_v6,7227
4,AF-E2JF22-F1-model_v6,10090
5,AF-A0A8N7TDV6-F1-model_v6,7955
6,AF-Q92508-F1-model_v6,9606
7,AF-A0A804N3J1-F1-model_v6,4577
8,AF-Q8CD54-2-F1-model_v6,10090
9,AF-K7LGZ8-F1-model_v6,3847
10,AF-F4IN58-F1-model_v6,3702
11,AF-A0A061ACU2-F1-model_v6,6239
12,AF-A0A061ACU2-8-F1-model_v6,6239
13,AF-A0A8R1XXW9-F1-model_v6,6282
14,AF-A0A126GUQ2-F1-model_v6,7227
15,AF-A0AAF5DN64-F1-model_v6,6248
16,AF-A0A4E9EUW2-F1-model_v6,6279
17,AF-K7MZZ7-F1-model_v6,3847
18,AF-A0A4E9F501-F1-model_v6,6279
19,AF-A0A158Q5L0-F1-model_v6,318479
20,AF-A4I9U0-F1-model_v6,5671
21,AF-A0A0N4U6X9-F1-model_v6,318479
22,6kg7-assembly1_A,9337
23,AF-A0A077Z8J1-F1-model_v6,36087
24,AF-A0A4E9FEN3-F1-model_v6,6279
25,AF-A0A061ACU2-10-F1-model_v6,6239
26,AF-A0A8R1TRS9-F1-model_v6,6282
27,AF-A0A8R1U0Y7-F1-model_v6,6282
28,6b3r-assembly1_A,77932
29,7wlu-assembly1_A,176057
30,7wlt-assembly1_A,10090
31,5z10-assembly1_A,10090
32,AF-A0A6A4WMD7-F1-model_v6,1232801
33,AF-A0A817NR70-F1-model_v6,2762512
34,AF-A0A1A8AGX9-F1-model_v6,105023
35,AF-A0A8S2LA96-F1-model_v6,392030
36,AF-A0A7J7JSE9-F1-model_v6,10212
37,AF-A0A6H5H055-F1-model_v6,355587
38,AF-A0A653DHE2-F1-model_v6,64391
39,AF-A0A480KZG1-F1-model_v6,9823
40,AF-A0A9P0M8D5-F1-model_v6,200917
41,AF-A0A158Q727-F1-model_v6,1147741
42,AF-A0A2H1X0Q2-F1-model_v6,7108
43,AF-A0A1I8EMU6-F1-model_v6,6293
44,AF-A0A6J2YXD6-F1-model_v6,7048
45,AF-A0A6C0PNJ5-F1-model_v6,6645
46,AF-A0A0Q5UK93-F1-model_v6,7220
47,AF-A0A0A1U646-F1-model_v6,370355
48,AF-A0A7J8CKB3-F1-model_v6,9407
49,AF-A0A8T0F7P9-F1-model_v6,94029
50,AF-A0A1B6FU70-F1-model_v6,1464854
51,AF-A0A8C2B9A3-F1-model_v6,7962
52,AF-A0A5J4XY78-F1-model_v6,2608996
53,AF-A0A914YNX1-F1-model_v6,310955
54,AF-A0A3N0XQA4-F1-model_v6,495550
55,AF-A0A226EIU0-F1-model_v6,158441
56,AF-A0A6A4MBG7-F1-model_v6,262921
57,8imz-assembly1_A,10090
58,AF-A0AAV6VPB1-F1-model_v6,931172
59,AF-A0A8T3E3G7-F1-model_v6,1534307
60,AF-A0A8C6VJD5-F1-model_v6,35670
61,AF-A0A3Q3G502-F1-model_v6,56723
62,AF-A0A0V1FX63-F1-model_v6,6337
63,AF-A0A9P0M3N9-F1-model_v6,200917
64,AF-A0A2S2NRA1-F1-model_v6,13262
65,AF-A0A0N5B170-F1-model_v6,451379
66,AF-A0A9P0M5D4-F1-model_v6,200917
67,AF-A0A9P0KR01-F1-model_v6,200917
68,AF-A0A0V1E9W0-F1-model_v6,6337
69,AF-A0A4U5PAW8-F1-model_v6,34508
70,AF-A0AAV9R4T2-F1-model_v6,28760
71,AF-A0A915ANH7-F1-model_v6,6257
72,AF-A0A914UZ51-F1-model_v6,2011161
73,AF-A0AAV2PTF5-F1-model_v6,48144
74,AF-A0A8T0ZJ80-F1-model_v6,29920
75,AF-A0A0A9XEI2-F1-model_v6,30085
76,AF-A0A315VGY0-F1-model_v6,33528
77,AF-A0A3Q2Y0W9-F1-model_v6,109280
78,AF-A0A4D9EAT4-F1-model_v6,55544
79,AF-A0ABD1CZ18-F1-model_v6,38569
80,AF-A0A915EHD0-F1-model_v6,166011
81,AF-A0A132A596-F1-model_v6,52283
82,AF-A0AAV7IMW3-F1-model_v6,32391
83,AF-A0A8S1WAT3-F1-model_v6,43138
84,AF-A0A3Q0JIM1-F1-model_v6,121845
85,AF-A0AA88GF15-F1-model_v6,51637
86,AF-A0AAF3J5Y6-F1-model_v6,2138241
87,AF-A0AAV6KZH3-F1-model_v6,479676
88,AF-A0A9Q0IW25-F1-model_v6,630683
89,AF-A0A818JV57-F1-model_v6,392032
90,AF-A0A158PKC0-F1-model_v6,334426
91,AF-A0A0B2VML1-F1-model_v6,6265
92,AF-A0A1I8EI99-F1-model_v6,6293
93,AF-A0AA35WA03-F1-model_v6,519541
94,AF-A0A267FGS4-F1-model_v6,282301
95,AF-A0AAN9VLX4-F1-model_v6,2509291
96,AF-A0A7R9CMV8-F1-model_v6,61476
97,AF-A0A8C8DMC3-F1-model_v6,183150
98,AF-A0ABD1CZ82-F1-model_v6,38569
99,AF-A0AA35RM69-F1-model_v6,519541
100,AF-A0A5C6P1S9-F1-model_v6,433684
101,AF-A0A8B7DUG8-F1-model_v6,6087
102,AF-A0A183GYL3-F1-model_v6,387005
103,AF-A0A915M3J2-F1-model_v6,6303
104,AF-A0A818S591-F1-model_v6,392032
105,AF-A0A226EKW9-F1-model_v6,158441
106,AF-A0A6F9ATM2-F1-model_v6,861768
107,AF-A0A8C7MFW4-F1-model_v6,8019
108,AF-A0A819E6A4-F1-model_v6,392033
109,AF-A0A1I8N034-F1-model_v6,7370
110,AF-A0A0B7AR40-F1-model_v6,1028688
111,AF-A0A069DX80-F1-model_v6,65343
112,AF-A0A196SI25-F1-model_v6,478820
113,AF-A0A670I236-F1-model_v6,64176
114,AF-A0A3Q1F967-F1-model_v6,80966
115,AF-A0A4D9E3Z0-F1-model_v6,55544
116,AF-A0A418DDV9-F1-model_v6,112090
117,AF-A0A6P6HMM7-F1-model_v6,9696
118,AF-A0AB34GA82-F1-model_v6,9764
119,AF-A0A2G8KG58-F1-model_v6,307972
120,AF-A0A0N5CXE1-F1-model_v6,103827
121,AF-A0A3N0XTK6-F1-model_v6,495550
122,AF-A0A1I8J2S1-F1-model_v6,282301
123,AF-M3TFI1-F1-model_v6,885319
124,AF-J9EW84-F1-model_v6,6293
125,AF-A0A401NZB4-F1-model_v6,75743
126,AF-A0A9D4DY65-F1-model_v6,45954
127,AF-A0A3B0K6R0-F1-model_v6,7266
128,AF-A0A8B6XZ36-F1-model_v6,6087
129,AF-A0A6V7VMH3-F1-model_v6,390850
130,AF-A0A453EUB4-F1-model_v6,200361
131,AF-A0A0T6BCZ5-F1-model_v6,1629725
132,AF-A0A1I8GQH9-F1-model_v6,282301
133,AF-A0A5N3V507-F1-model_v6,9888
134,AF-A0A9P0P8I7-F1-model_v6,200917
135,AF-W6U812-F1-model_v6,6210
136,AF-K2NF10-F1-model_v6,85056
137,AF-E4YX63-F1-model_v6,34765
138,AF-A0A9P0Q444-F1-model_v6,200917
139,AF-A0AAD3N4L6-F1-model_v6,270547
140,AF-A0AB34GB94-F1-model_v6,9764
141,AF-A0A9P0KJ22-F1-model_v6,200917
142,AF-A0A9Q1JA68-F1-model_v6,118154
143,AF-A0A914N2I7-F1-model_v6,6306
144,AF-A0A6J3A8I7-F1-model_v6,419612
145,AF-G3NS86-F1-model_v6,481459
146,AF-A0A7R9CQG1-F1-model_v6,61476
147,AF-A0A819ZSB0-F1-model_v6,2762512
148,AF-A0A817ENN0-F1-model_v6,2762512
149,AF-A0A553R787-F1-model_v6,2873325
150,AF-A0AAD5RB83-F1-model_v6,148309
151,AF-A0AAW0NN53-F1-model_v6,88201
152,AF-A0AAW0IWY1-F1-model_v6,447135
153,AF-A0A7G2C012-F1-model_v6,59799
154,AF-A0A1S3HPU6-F1-model_v6,7574
155,AF-A0A1I8CPI5-F1-model_v6,34506
156,AF-A0AA36CH18-F1-model_v6,96644
157,AF-A0A3P7E8S5-F1-model_v6,6293
158,AF-A0AAD7TBA8-F1-model_v6,143900
159,AF-A0A0V1FX62-F1-model_v6,6337
160,AF-A0A817PEB7-F1-model_v6,2762512
161,AF-A0A915AV10-F1-model_v6,6257
162,AF-H2YLP9-F1-model_v6,51511
163,AF-A0A0C9R8R9-F1-model_v6,64838
164,AF-A0A1S3QF89-F1-model_v6,8030
165,AF-A0A2G8LNX9-F1-model_v6,307972
166,AF-A0A915ALY6-F1-model_v6,6257
167,AF-A0AAV4T1Y6-F1-model_v6,172846
168,AF-A0AAD9BN81-F1-model_v6,100907
169,AF-A0A0N4WCJ0-F1-model_v6,6290
170,AF-A0A914MN15-F1-model_v6,6306
171,AF-A0A8S2R756-F1-model_v6,392030
172,AF-A0A0S7F270-F1-model_v6,188132
173,AF-A0ABD0Y9M7-F1-model_v6,642074
174,AF-A0A7R9I936-F1-model_v6,61484
175,AF-A0A815HH47-F1-model_v6,392033
176,AF-A0A836CXX6-F1-model_v6,9940
177,AF-A0A2H8TD61-F1-model_v6,742174
178,AF-A0A9N9MSI1-F1-model_v6,467358
179,AF-A0A0D6MDC8-F1-model_v6,53326
180,AF-A0A817GSN5-F1-model_v6,2762512
181,AF-A0A0V0ZU08-F1-model_v6,990121
182,AF-A0A9J2Q5G7-F1-model_v6,6252
183,AF-A0A812U4U4-F1-model_v6,631055
184,AF-A0A5J4W070-F1-model_v6,222440
185,AF-A0A915KAT0-F1-model_v6,13658
186,AF-A0A672R5R8-F1-model_v6,75366
187,AF-V3ZF50-F1-model_v6,225164
188,AF-A0A7J5YJ68-F1-model_v6,36200
189,AF-A6IXL9-F1-model_v6,10116
190,AF-A0A1A7X1H1-F1-model_v6,60296
191,AF-A0A7S3VUF6-F1-model_v6,3047
192,AF-A0A6G1RNA9-F1-model_v6,2861861
193,AF-A0A813RPE4-F1-model_v6,104777
194,AF-A0A4Z2BWV0-F1-model_v6,433685
195,AF-A0A914LGH4-F1-model_v6,6306
196,AF-A0A8S2PEM8-F1-model_v6,1234261
197,AF-A0A3P7U3X9-F1-model_v6,42155
198,AF-A0A7S3IKS3-F1-model_v6,197538
199,AF-A0A6S7I9M5-F1-model_v6,317549
200,AF-A0A397EUN1-F1-model_v6,112090
201,AF-A0A7E4ZUG3-F1-model_v6,6233
202,AF-J9ER22-F1-model_v6,6293
203,AF-A0AAV3ANW8-F1-model_v6,30357
204,AF-A0A401SAX8-F1-model_v6,137246
205,AF-A0A158QCP8-F1-model_v6,6216
206,AF-A0A183K0Y5-F1-model_v6,6186
207,AF-A0A498LN81-F1-model_v6,84645
208,AF-A0A8R7TVF6-F1-model_v6,4572
209,AF-A0AAD4N178-F1-model_v6,166010
210,AF-A0A821N2H6-F1-model_v6,392032
211,AF-A0A4W5RTC8-F1-model_v6,62062
212,AF-A0A1I8ILG3-F1-model_v6,282301
213,AF-A0A8D8I353-F1-model_v6,7175
214,AF-A0A7S0IES8-F1-model_v6,38833
215,AF-A0A0A1U2R3-F1-model_v6,370355
216,AF-A0A2N9H8X9-F1-model_v6,28930
217,AF-A0A444UXD5-F1-model_v6,7906
218,AF-A0A4Z2C651-F1-model_v6,433685
219,AF-A0A087T591-F1-model_v6,407821
220,AF-A0A0R3QQZ3-F1-model_v6,42155
221,AF-A0AAF3EMF3-F1-model_v6,2138241
222,AF-A0AAV4H0F6-F1-model_v6,1093978
223,AF-A0A6V7MAV2-F1-model_v6,1563983
224,AF-A0AA36C590-F1-model_v6,96644
225,AF-A0A553QNW5-F1-model_v6,2873325
226,AF-A0A8S2MGE7-F1-model_v6,1234261
227,AF-A0A0V0VEE4-F1-model_v6,181606
228,AF-A0AAD3R0R7-F1-model_v6,270547
229,AF-A0A224YFY0-F1-model_v6,60191
230,AF-A0A7S0KAW6-F1-model_v6,38833
231,AF-A0A0P4W477-F1-model_v6,85551
232,AF-A0AAW2YN02-F1-model_v6,1008807
233,AF-A0AAE0WCQ3-F1-model_v6,2493646
234,AF-A0AAD4YFY2-F1-model_v6,230172
235,AF-A0A817HKZ7-F1-model_v6,2762512
236,AF-A0AAD7ZEB1-F1-model_v6,6984
237,3jac-assembly1_C,10090
238,AF-A0A812MT74-F1-model_v6,1519616
239,AF-A0A6V7M8E3-F1-model_v6,1563983
240,AF-A0A7S0DLL3-F1-model_v6,1561963
241,AF-A0A2J7R0H1-F1-model_v6,105785
242,AF-A0A401T3H2-F1-model_v6,137246
243,AF-A0A1S3QUK8-F1-model_v6,8030
244,AF-W8BRJ7-F1-model_v6,7213
245,AF-A0A8J2Q803-F1-model_v6,2874296
246,AF-A0A813B2L5-F1-model_v6,1628268
247,AF-A0A817EAU4-F1-model_v6,2762512
248,AF-A0A915E435-F1-model_v6,166011
249,AF-A0A6G1RCQ3-F1-model_v6,2861861
250,AF-A0A8J2M1T6-F1-model_v6,2874296
251,AF-A0A7S3Z6Q1-F1-model_v6,91324
252,AF-A0A6B2KXL2-F1-model_v6,1963864
253,6bpz-assembly1_A,10090
254,AF-A0A653DWX2-F1-model_v6,64391
255,AF-A0A8C4R4T6-F1-model_v6,7764
256,AF-A0A819E9B9-F1-model_v6,2762511
257,AF-A0A3P3YLB6-F1-model_v6,37360
258,AF-A0A183T6D2-F1-model_v6,70667
259,AF-Q4RWW2-F1-model_v6,99883
260,AF-N6U9E7-F1-model_v6,77166
261,AF-A0A817EMZ3-F1-model_v6,2762512
262,AF-A0A8X6UBH9-F1-model_v6,299642
263,AF-A0A7R9AWQ2-F1-model_v6,629360
264,AF-A0AAV2APG7-F1-model_v6,280406
265,AF-A0A9D3LZ23-F1-model_v6,7936
266,AF-A0AAV2APD1-F1-model_v6,280406
267,AF-A0A7R9F909-F1-model_v6,61472
268,AF-A0A812CG58-F1-model_v6,158019
269,AF-A0A914GN85-F1-model_v6,2598192
270,AF-A0A060WVG4-F1-model_v6,8022
271,AF-A0A915E1L6-F1-model_v6,166011
272,AF-A0A0P8XZA1-F1-model_v6,7217
273,AF-A0A182G146-F1-model_v6,7160
274,AF-A0A1E1IU37-F1-model_v6,5670
275,AF-G0NWW3-F1-model_v6,135651
276,AF-A0A314UCB2-F1-model_v6,2094558
277,AF-A0A9X8DKL7-F1-model_v6,112090
278,AF-A0AAW1V3U4-F1-model_v6,420089
279,AF-A0AAW1BSN8-F1-model_v6,8729
280,AF-A0AAW2YSQ4-F1-model_v6,1008807
281,AF-A0A0C2GXU0-F1-model_v6,51022
282,AF-A0A914QQ89-F1-model_v6,227884
283,AF-A0A1I8CWF5-F1-model_v6,34506
284,AF-A0AAV2JTX8-F1-model_v6,637954
285,AF-A0A1S3M1P2-F1-model_v6,8038
286,AF-A0A5J4XG18-F1-model_v6,2608996
287,AF-E3NQL2-F1-model_v6,31234
288,AF-A0AA36HJN2-F1-model_v6,2562239
289,AF-A0A653DFQ5-F1-model_v6,64391
290,AF-A0A2H1WK71-F1-model_v6,7108
291,AF-A0A8S2QNQ3-F1-model_v6,1234261
292,AF-A0A0L7KQS8-F1-model_v6,104452
293,AF-A0A0D2JHL8-F1-model_v6,145388
294,AF-A0A7S0DDN7-F1-model_v6,38833
295,AF-A0A820JUF7-F1-model_v6,392032
296,AF-A0A7S3SFH2-F1-model_v6,2903
297,AF-A0A7R9KTM4-F1-model_v6,1979941
298,AF-A0ABD0WTF1-F1-model_v6,75934
299,AF-A0AAR5PGD9-F1-model_v6,77166
300,AF-A0AAW2SHB8-F1-model_v6,2727403
301,AF-A0AAV9R8A6-F1-model_v6,28760
302,AF-A0A0K0FWJ2-F1-model_v6,75913
303,AF-A0A498LX91-F1-model_v6,84645
304,AF-A0A653DI00-F1-model_v6,64391
305,AF-A0A821T6Y7-F1-model_v6,392032
306,AF-M4BPS6-F1-model_v6,559515
307,AF-A0A267FZ22-F1-model_v6,282301
308,AF-N6TAG7-F1-model_v6,77166
309,AF-A0A060Y0R6-F1-model_v6,8022
310,AF-A0A067RJC4-F1-model_v6,136037
311,AF-A0A915ALZ1-F1-model_v6,6257
312,AF-A0A7S3SFH1-F1-model_v6,2903
313,AF-A0A183LV05-F1-model_v6,48269
314,AF-A0A183TW26-F1-model_v6,6265
315,AF-A0A0Q9X2B4-F1-model_v6,7260
316,AF-A0A6J1YUZ4-F1-model_v6,9691
317,AF-A0A3R7WY44-F1-model_v6,112090
318,AF-A0A653DJD9-F1-model_v6,64391
319,AF-A0A0Q9W7V8-F1-model_v6,7244
320,AF-V3ZZC9-F1-model_v6,225164
321,AF-A0A7R9AX44-F1-model_v6,629360
322,AF-A0A653DW18-F1-model_v6,64391
323,AF-A0A151PJG2-F1-model_v6,8496
324,AF-A0A0C2CLK3-F1-model_v6,51022
325,AF-A0A418AF49-F1-model_v6,157072
326,AF-A0A8S2P9Z6-F1-model_v6,392030
327,AF-A0A914FRR9-F1-model_v6,2598192
328,AF-A0AAD3M1G6-F1-model_v6,270547
329,AF-V8NFU7-F1-model_v6,8665
330,AF-A0A9P0GMA9-F1-model_v6,467358
331,AF-A0A060X2S1-F1-model_v6,8022
332,AF-A0A819HK95-F1-model_v6,2762511
333,AF-G9L1K3-F1-model_v6,9669
334,AF-B7PSR6-F1-model_v6,6945
335,AF-A0A6G3MDU1-F1-model_v6,69463
336,AF-A0AAV2LVJ1-F1-model_v6,637954
337,AF-A0A812QIN9-F1-model_v6,631055
338,AF-A0A183T903-F1-model_v6,70667
339,AF-A0A7S1I0S6-F1-model_v6,73025
340,AF-A0A8J4TZQ9-F1-model_v6,1594786
341,AF-A0A0D8XKP2-F1-model_v6,29172
342,AF-A0AAD4R722-F1-model_v6,166010
343,AF-A0A2A2M0E5-F1-model_v6,2018661
344,AF-A0AAD6NPW5-F1-model_v6,889485
345,AF-A0A819H799-F1-model_v6,433720
346,AF-A0AAW2WBM4-F1-model_v6,300843
347,AF-A0A3N0YZV0-F1-model_v6,495550
348,AF-A0A821AY38-F1-model_v6,2762512
349,AF-A0A1I8GRR1-F1-model_v6,282301
350,AF-A0A1S3M010-F1-model_v6,8030
351,AF-A0AAE9ADI6-F1-model_v6,6238
352,AF-A0A0D6MA53-F1-model_v6,53326
353,AF-A0AAW0NJJ2-F1-model_v6,88201
354,AF-A0A820HPW4-F1-model_v6,392032
355,AF-A0A1S3HSM4-F1-model_v6,7574
356,AF-A0A4C1UY82-F1-model_v6,151549
357,AF-A0A819HCB6-F1-model_v6,2762512
358,AF-A0A8J4SRX6-F1-model_v6,100268
359,AF-A0A0M3K839-F1-model_v6,6269
360,AF-A0A914TIV3-F1-model_v6,2598192
361,AF-C5KDI0-F1-model_v6,423536
362,AF-A0AAF3EM81-F1-model_v6,2138241
363,AF-A0A1W0X1X0-F1-model_v6,2072580
364,AF-A0A183AU97-F1-model_v6,27848
365,AF-A0A9D3RZT4-F1-model_v6,7936
366,AF-A0A1I7S5E3-F1-model_v6,6326
367,AF-A0A0N5AVK8-F1-model_v6,451379
368,AF-A0AAW2UT49-F1-model_v6,300843
369,AF-A0A226NGJ2-F1-model_v6,9009
370,AF-A0A835ZIV2-F1-model_v6,9940
371,AF-A0A8C2GDG4-F1-model_v6,7962
372,AF-A0AAV9SND7-F1-model_v6,28760
373,AF-A0A158PIP0-F1-model_v6,334426
374,AF-A0AAV2LVJ0-F1-model_v6,637954
375,AF-A0A7F8K7I5-F1-model_v6,9749
376,AF-A0A7F8RJW4-F1-model_v6,9713
377,AF-A0A914WY87-F1-model_v6,2011161
378,AF-A0A8S1L3E7-F1-model_v6,5886
379,AF-A0ABD2Z9J9-F1-model_v6,153742
380,AF-A0A914XDQ8-F1-model_v6,2011161
381,AF-A0AAD9PAP4-F1-model_v6,27915
382,AF-A0AAD7SSI6-F1-model_v6,143900
383,AF-X6N1S8-F1-model_v6,46433
384,AF-A0A8B6D5U3-F1-model_v6,29158
385,AF-A0A7S3SK61-F1-model_v6,2903
386,AF-A0A820WYB2-F1-model_v6,2762511
387,AF-A0A7R9P7Y6-F1-model_v6,61474
388,AF-A0A974HE43-F1-model_v6,8355
389,AF-A0A9P1CHE5-F1-model_v6,2562237
390,AF-A0A7F8QAV2-F1-model_v6,9713
391,AF-A0A3Q2E540-F1-model_v6,28743
392,AF-A0A7R8ZB90-F1-model_v6,61478
393,AF-A0A914W9E5-F1-model_v6,2011161
394,AF-A0AAV2HH44-F1-model_v6,6523
395,AF-A0A1I8IZC9-F1-model_v6,282301
396,AF-A0A1Z5LH12-F1-model_v6,6938
397,AF-A0ABD2QNI6-F1-model_v6,1844966
398,AF-G0PEK7-F1-model_v6,135651
399,AF-A0A8K0K6C6-F1-model_v6,123851
400,AF-A0A822ATN0-F1-model_v6,2762511
401,AF-A0A7S1QMS3-F1-model_v6,2925
402,AF-A0A914Y1Z1-F1-model_v6,310955
403,AF-A0AA88LJ86-F1-model_v6,6661
404,AF-A0A556VCH7-F1-model_v6,175774
405,AF-A0A158QWY7-F1-model_v6,27835
406,AF-A0A1B0CLH2-F1-model_v6,7200
407,AF-A0A0Q9WFA2-F1-model_v6,7244
408,AF-A7RMM3-F1-model_v6,45351
409,AF-K1RGF7-F1-model_v6,29159
410,AF-A0A2P4SQD4-F1-model_v6,9083
411,AF-A0A183H0E9-F1-model_v6,387005
412,AF-A0A6A4LSQ3-F1-model_v6,262921
413,AF-A0AAJ8B0T9-F1-model_v6,8187
414,AF-A0A183DPV4-F1-model_v6,637853
415,AF-A0A8R1DPN1-F1-model_v6,281687
416,AF-G0R6D7-F1-model_v6,5932
417,AF-A0A087UY53-F1-model_v6,407821
418,AF-G3N9E4-F1-model_v6,69293
419,AF-A0A5C6PHQ5-F1-model_v6,433684
420,AF-A0A5N4CHM3-F1-model_v6,9838
421,AF-A0AAE9A6J5-F1-model_v6,6238
422,AF-A0AAV1A2G6-F1-model_v6,3906
423,AF-A0A653DHF1-F1-model_v6,64391
424,AF-A0A1I8EJ69-F1-model_v6,6293
425,AF-A0A0G4ILN4-F1-model_v6,37360
426,AF-A0A9P0E2U6-F1-model_v6,85310
427,AF-V5I8F8-F1-model_v6,217634
428,AF-A0AAR2KWH7-F1-model_v6,42514
429,AF-A0A091DNK6-F1-model_v6,885580
430,AF-A0A8B9HS83-F1-model_v6,7994
431,AF-A0A0N5DC76-F1-model_v6,103827
432,AF-A0A1V4J962-F1-model_v6,372326
433,AF-A0A1R2CWL8-F1-model_v6,5963
434,AF-A0A915NIH3-F1-model_v6,298350
435,AF-A0A8C3K900-F1-model_v6,425635
436,AF-A0A1A8QVW0-F1-model_v6,451742
437,AF-A0A0C2GSY1-F1-model_v6,51022
438,AF-A0A7S0D1J4-F1-model_v6,1561963
439,AF-A0A6B2G036-F1-model_v6,59785
440,AF-A0A9J2P616-F1-model_v6,6252
441,AF-A0A8D8SEV2-F1-model_v6,428564
442,AF-A0A8S2EQE7-F1-model_v6,1234261
443,AF-A0A2G8LNW3-F1-model_v6,307972
444,AF-H3H5Q4-F1-model_v6,164328
445,AF-A0A821YIX7-F1-model_v6,2762511
446,AF-A0A973YGQ3-F1-model_v6,468512
447,AF-A0A6I9MWS8-F1-model_v6,8208
448,AF-A0AAV2LVL7-F1-model_v6,637954
449,AF-A0A6F9CMR8-F1-model_v6,861768
450,AF-A0ABD1KS39-F1-model_v6,363190
451,AF-A0A3S1BPS2-F1-model_v6,188477
452,AF-A0A7R9B0Y0-F1-model_v6,629360
453,AF-A0A8S3Z5V8-F1-model_v6,100452
454,AF-A0A8K0GGP8-F1-model_v6,2038154
455,AF-T1F269-F1-model_v6,6412
456,AF-A0A158QJ81-F1-model_v6,102285
457,AF-A0A8X7YH43-F1-model_v6,118781
458,AF-F6X7Y7-F1-model_v6,13616
459,AF-A0A813JU87-F1-model_v6,89957
460,AF-A0A7S4UU07-F1-model_v6,311494
461,AF-A0A820W1M7-F1-model_v6,2762511
462,AF-A0A6S7J1J6-F1-model_v6,317549
463,AF-A0A1V9Y3U5-F1-model_v6,418985
464,AF-A0A484KVJ1-F1-model_v6,132261
465,AF-A0AB34GI10-F1-model_v6,9764
466,AF-A0AAF3J481-F1-model_v6,2138241
467,AF-A0A6V7WRF5-F1-model_v6,390850
468,AF-A0A4Y2IWL4-F1-model_v6,182803
469,AF-C3ZZL8-F1-model_v6,7739
470,AF-A0A2J8RFQ9-F1-model_v6,9601
471,AF-A0A060WXK8-F1-model_v6,8022
472,AF-A0A812NIS7-F1-model_v6,878477
473,AF-A0A3R7KKV7-F1-model_v6,5698
474,AF-A0AA47MNW2-F1-model_v6,89951
475,AF-A0A443S1R6-F1-model_v6,299467
476,AF-A0A6A4QPP6-F1-model_v6,3870
477,AF-A0A6V7VKY9-F1-model_v6,390850
478,AF-A0A8S1DEM2-F1-model_v6,197152
479,AF-A0A7S3Z4R3-F1-model_v6,91324
480,AF-A0AAV6PCR6-F1-model_v6,28829
481,AF-A0A7R9L235-F1-model_v6,1979941
482,AF-A7T173-F1-model_v6,45351
483,AF-A0AAV7ZLP2-F1-model_v6,1746091
484,AF-A0A7S3BN79-F1-model_v6,676789
485,AF-A0A974HE50-F1-model_v6,8355
486,AF-A0A8C2YS04-F1-model_v6,34839
487,AF-A0A9D4IDV1-F1-model_v6,45954
488,AF-A0AAD9NQ86-F1-model_v6,27915
489,AF-A0AAV8VBX7-F1-model_v6,1586481
490,AF-A0A835U5U2-F1-model_v6,51239
491,AF-A0A8S3Z0Q3-F1-model_v6,100452
492,AF-A0A0L0FU33-F1-model_v6,667725
493,AF-A0A8S4BXM3-F1-model_v6,238744
494,AF-A0A0R1E8N1-F1-model_v6,7245
495,MGYP001428331725,946362
496,AF-A0A8C4RYS8-F1-model_v6,27687
497,AF-A0A0D8XPP7-F1-model_v6,29172
498,AF-A0A8S4DJ59-F1-model_v6,51655
499,AF-A0A183AS46-F1-model_v6,27848
500,AF-A0A817H2W5-F1-model_v6,2762512
501,AF-A0AAD7SQN5-F1-model_v6,143900
502,AF-A0AAZ3QBH6-F1-model_v6,74940
503,AF-A0A8B9Q8Q4-F1-model_v6,8824
504,AF-A0A183I937-F1-model_v6,241478
505,AF-A0A7S4EXY0-F1-model_v6,13221
506,AF-A0A669F8I7-F1-model_v6,8128
507,AF-A0A6B2L0Y6-F1-model_v6,1963864
508,AF-A0A6P4ED45-F1-model_v6,1041015
509,AF-A0A2J7R0H6-F1-model_v6,105785
510,AF-A0A8S3YUI8-F1-model_v6,100452
511,AF-A0A0L7KV50-F1-model_v6,104452
512,AF-A0A914XE30-F1-model_v6,2011161
513,AF-D2I3S8-F1-model_v6,9646
514,AF-A0A177AQG0-F1-model_v6,1819745
515,AF-A0A183JCV8-F1-model_v6,6186
516,AF-A0A8B9NCQ2-F1-model_v6,211598
517,AF-F6R5V5-F1-model_v6,7719
518,AF-A0A9D4NVW3-F1-model_v6,6954
519,AF-V8PBC7-F1-model_v6,8665
520,AF-A0A8J8P6A3-F1-model_v6,5974
521,AF-A0ABD2QRI7-F1-model_v6,1844966
522,AF-A0A368GKK6-F1-model_v6,29170
523,AF-A0A9N9QVJ7-F1-model_v6,40085
524,AF-A0A368GPS0-F1-model_v6,29170
525,AF-A0AAD6AEM4-F1-model_v6,1090488
526,AF-A0A915APT4-F1-model_v6,6257
527,AF-A0A914XSB9-F1-model_v6,2011161
528,AF-A0A556V194-F1-model_v6,175774
529,AF-A0A3Q1GE93-F1-model_v6,80966
530,AF-A0A914YQC1-F1-model_v6,310955
531,AF-A0AAV2LVK2-F1-model_v6,637954
532,AF-A0A821TR04-F1-model_v6,2762511
533,AF-A0A3P7FGZ1-F1-model_v6,6293
534,AF-A0ABD2QNM9-F1-model_v6,1844966
535,AF-A0A8C0UDY1-F1-model_v6,156563
536,AF-A0A1W7R470-F1-model_v6,7160
537,AF-A0A9Q0WY45-F1-model_v6,77065
538,AF-E4WT37-F1-model_v6,34765
539,AF-A0AAR5QG10-F1-model_v6,77166
540,AF-A0A077ZB03-F1-model_v6,36087
541,AF-A0A0M3J501-F1-model_v6,6269
542,AF-A0A818XBF7-F1-model_v6,433720
543,AF-A0A158QRC0-F1-model_v6,6290
544,AF-A0A7S3YVE3-F1-model_v6,91324
545,AF-A0A151P375-F1-model_v6,8496
546,AF-N6SRF8-F1-model_v6,77166
547,AF-A0A8K0NYF1-F1-model_v6,123851
548,AF-A0A7I8V5E3-F1-model_v6,2664684
549,AF-H2YLN4-F1-model_v6,51511
550,AF-A0A7S1LF86-F1-model_v6,312471
551,AF-A0A8S4DI04-F1-model_v6,51655
552,AF-A0A9P3N0G7-F1-model_v6,2790670
553,AF-A0A7R8ZE57-F1-model_v6,61478
554,AF-S8E9K8-F1-model_v6,192259
555,AF-A0A091QG68-F1-model_v6,57421
556,AF-A0A9Q1DAC4-F1-model_v6,82655
557,AF-A0A0J7N2Y3-F1-model_v6,67767
558,AF-A0A4W5L8E6-F1-model_v6,62062
559,AF-A0A8C5T3N5-F1-model_v6,2593467
560,AF-A0A6F9BY74-F1-model_v6,861788
561,AF-A0A6A7FSW2-F1-model_v6,1518452
562,AF-A0A2Y9GZJ7-F1-model_v6,29088
563,AF-A0A3B4BM33-F1-model_v6,409849
564,AF-A0A7F8RLG2-F1-model_v6,9713
565,AF-A0A0M3KAN0-F1-model_v6,6269
566,AF-A0A0A1U3K3-F1-model_v6,370355
567,AF-A0A7R9GZC7-F1-model_v6,170557
568,AF-A0A2K6L5A3-F1-model_v6,61621
569,AF-A0A819ZWP4-F1-model_v6,433720
570,AF-U4UL03-F1-model_v6,77166
571,AF-A0AAD3NN43-F1-model_v6,270547
572,AF-A0A7S1NMK7-F1-model_v6,73025
573,AF-A0A7J7JRQ0-F1-model_v6,10212
574,AF-A0A3B5M9M3-F1-model_v6,32473
575,AF-A0AAV2AQ35-F1-model_v6,280406
576,AF-A0A1I8B460-F1-model_v6,6305
577,AF-A0A6G1QMZ4-F1-model_v6,215402
578,AF-A0A8D8RSR5-F1-model_v6,428564
579,AF-A0A2G9S9H0-F1-model_v6,8400
580,AF-A0A3M7SW70-F1-model_v6,10195
581,AF-A0A913WTW8-F1-model_v6,2652724
582,AF-A0A8B6XM53-F1-model_v6,6087
583,AF-A0A1S3QV87-F1-model_v6,8030
584,AF-A0A3B5MWP0-F1-model_v6,32473
585,AF-A0A0A9WQR3-F1-model_v6,30085
586,AF-A0A8S3YZ24-F1-model_v6,100452
587,AF-A0A6H5HQ23-F1-model_v6,355587
588,AF-A0AAW0PHZ7-F1-model_v6,88201
589,AF-A0A914WB89-F1-model_v6,2011161
590,AF-A0A8B9S359-F1-model_v6,8824
591,AF-A0AA88LES4-F1-model_v6,6661
592,AF-A0A6V2RNV9-F1-model_v6,2903
593,AF-A0A6B0SBU8-F1-model_v6,72004
594,AF-A0A9L0IGU7-F1-model_v6,9793
595,AF-A0A3Q2YRV2-F1-model_v6,109280
596,AF-A0AAV2LVL5-F1-model_v6,637954
597,AF-A0AAW0NQ38-F1-model_v6,88201
598,AF-A0A0C2G3H6-F1-model_v6,51022
599,AF-A0A668U3Y2-F1-model_v6,47969
600,AF-A0A7S4UEG2-F1-model_v6,55529
601,AF-A0A3B3S2L7-F1-model_v6,1676925
602,AF-A0A3Q1EIG3-F1-model_v6,80966
603,MGYP001059347393,1580589
604,AF-A0A3B3CX11-F1-model_v6,30732
605,AF-A0ABD1CJG4-F1-model_v6,38569
606,AF-A0A4U5LX43-F1-model_v6,34508
607,AF-A0A0N4U6X7-F1-model_v6,318479
608,AF-A0A060X1F1-F1-model_v6,8022
609,AF-A0AB34GG41-F1-model_v6,9764
610,AF-A0A8D9F216-F1-model_v6,428564
611,AF-A0A7S1YB79-F1-model_v6,1486929
612,AF-A0A9D5AW82-F1-model_v6,3888
613,AF-L8I5C6-F1-model_v6,72004
614,AF-A0ABC9HFG2-F1-model_v6,6192
615,AF-A0A0Q5U704-F1-model_v6,7220
616,AF-A0A5E4QNF1-F1-model_v6,189913
617,AF-L8Y928-F1-model_v6,246437
618,AF-Q4S7Z5-F1-model_v6,99883
619,AF-A0A0M3KC92-F1-model_v6,6269
620,AF-A0A9Q9XTT8-F1-model_v6,7962
621,AF-A0A8C9Q8C8-F1-model_v6,99837
622,AF-A0A6G1S433-F1-model_v6,2861861
623,AF-A0A817LRA3-F1-model_v6,2762512
624,AF-A0A915PF84-F1-model_v6,48799
625,AF-A0A835TXX3-F1-model_v6,245042
626,AF-A0A6A5DPM4-F1-model_v6,8168
627,AF-A0A4U5LX63-F1-model_v6,34508
628,AF-A0A1A9VXU8-F1-model_v6,7395
629,AF-A0A8C7ARI8-F1-model_v6,452646
630,AF-A0A8C6UCF1-F1-model_v6,47308
631,AF-A0A5N5SNQ7-F1-model_v6,96803
632,AF-A0A7S3N1S7-F1-model_v6,151035
633,AF-A0A7S1EWR7-F1-model_v6,2966
634,AF-A0A1B6J0B9-F1-model_v6,320908
635,AF-A0A8D8WBM7-F1-model_v6,428564
636,AF-A0A8C9G456-F1-model_v6,9049
637,AF-A0A1B6EJ04-F1-model_v6,1464854
638,AF-A0A914YPY7-F1-model_v6,310955
639,AF-A0A6J2Y580-F1-model_v6,7048
640,AF-A0A822F568-F1-model_v6,2762511
641,AF-A0AAN8LAW1-F1-model_v6,861788
642,AF-A0A2G9R5J2-F1-model_v6,8400
643,AF-A0A8C0HRZ2-F1-model_v6,224669
644,AF-A0A8E0RQW4-F1-model_v6,27845
645,MGYP001084979679,5762
646,AF-A0A8C1V2T1-F1-model_v6,7962
647,AF-A0A8C9S4R7-F1-model_v6,113540
648,AF-A0ABD6EWQ7-F1-model_v6,75299
649,AF-A0AAV6G8Z4-F1-model_v6,278164
650,AF-A0AAD9PAY0-F1-model_v6,27915
651,AF-A0A2I3H504-F1-model_v6,61853
652,AF-A0A3B1KH08-F1-model_v6,7994
653,AF-A0A4P9YBK6-F1-model_v6,988480
654,AF-A0A671FE17-F1-model_v6,59479
655,AF-A0A1Y3AZX3-F1-model_v6,6958
656,AF-A0AAN9AFM6-F1-model_v6,373956
657,AF-A0A2G9P7X7-F1-model_v6,8400
658,AF-A0A9Q9XTV9-F1-model_v6,7962
659,AF-A0A9Q1J915-F1-model_v6,118154
660,AF-A0A1B6H8Z1-F1-model_v6,320908
661,AF-A0A212CB16-F1-model_v6,46360
662,AF-A0A6P8IR92-F1-model_v6,6105
663,AF-A0A182SNB2-F1-model_v6,74869
664,AF-A0A6G1RKJ9-F1-model_v6,2861861
665,AF-A0AAD3NHI1-F1-model_v6,270547
666,AF-A0A8S2TM37-F1-model_v6,1234261
667,AF-G9L1K2-F1-model_v6,9669
668,AF-A0A8C5QND5-F1-model_v6,445787
669,AF-A0A673AB28-F1-model_v6,375764
670,AF-A0AAV4T2Y5-F1-model_v6,172846
671,AF-A0A3P9HVJ2-F1-model_v6,8090
672,AF-A0A8T0DFV0-F1-model_v6,34504
673,AF-A0A6P8KEP4-F1-model_v6,7226
674,AF-A0A493SW24-F1-model_v6,8840
675,AF-A0A1D6MTE1-F1-model_v6,4577
676,AF-A0A2D4GX56-F1-model_v6,54390
677,AF-A0A9Q9XTU3-F1-model_v6,7962
678,AF-A0A3P7D5Q0-F1-model_v6,70667
679,AF-A0A8B8GK71-F1-model_v6,143950
680,AF-A0A8D3AW86-F1-model_v6,52904
681,AF-E4Z1J3-F1-model_v6,34765
682,AF-C3ZYD6-F1-model_v6,7739
683,AF-A0A340Y7Z5-F1-model_v6,118797
684,AF-A0A5S6Q588-F1-model_v6,70415
685,AF-A0A7S0GZM8-F1-model_v6,38833
686,AF-G3NS76-F1-model_v6,69293
687,AF-A0A4Y2T832-F1-model_v6,182803
688,AF-A0A452S1I9-F1-model_v6,9643
689,AF-A0A8C4Q810-F1-model_v6,7764
690,AF-A0A9P0DL10-F1-model_v6,467358
691,AF-A0A0B7AES0-F1-model_v6,1028688
692,AF-A0A182SZF9-F1-model_v6,74869
693,AF-A0A9N9MID0-F1-model_v6,467358
694,AF-A0A2I0LGP8-F1-model_v6,8932
695,AF-A0A8K0GG67-F1-model_v6,2038154
696,AF-A0A183J8J1-F1-model_v6,241478
697,AF-A0A0M3IZK1-F1-model_v6,6269
698,AF-A0A3P6TBY3-F1-model_v6,6269
699,AF-A0A4Y2N4B1-F1-model_v6,182803
700,AF-A0A0B1TC86-F1-model_v6,61180
701,AF-A0AAF3EXU4-F1-model_v6,2138241
702,AF-A7RMM5-F1-model_v6,45351
703,AF-D8M022-F1-model_v6,12968
704,AF-A0AAE0F8A4-F1-model_v6,36881
705,AF-A0A183HCD1-F1-model_v6,387005
706,AF-A0ABD2HDG7-F1-model_v6,8213
707,AF-A0A183VD39-F1-model_v6,6265
708,AF-A0A8C5MLX6-F1-model_v6,445787
709,AF-A0AAD9NNZ4-F1-model_v6,27915
710,AF-A0A2S2NEI4-F1-model_v6,13262
711,AF-T1JJ10-F1-model_v6,126957
712,AF-A0A0M3K218-F1-model_v6,6269
713,AF-A0A2P6NPF4-F1-model_v6,1890364
714,AF-A0A2M3Z5M4-F1-model_v6,58242
715,AF-A0A1I8IJZ5-F1-model_v6,282301
716,AF-A0AAN8F2L5-F1-model_v6,6319
717,AF-A0A1B8XSU9-F1-model_v6,8364
718,AF-A0A8S3RJQ7-F1-model_v6,6550
719,AF-A0AAY4CM27-F1-model_v6,299321
720,AF-A0A2G9TQB7-F1-model_v6,45464
721,AF-A0A6F9ATH3-F1-model_v6,861768
722,AF-A0A8T3D2L5-F1-model_v6,1534307
723,AF-A0A8D0GQJ7-F1-model_v6,8508
724,AF-A0A1Y3B0P7-F1-model_v6,6958
725,AF-A0A1S3QTI3-F1-model_v6,8032
726,AF-A0A4Z2ELG7-F1-model_v6,230148
727,AF-A0A817ZTM7-F1-model_v6,2762512
728,MGYP002649313278,59818
729,AF-A0A6B2EFU6-F1-model_v6,1109342
730,AF-A0A9Y4NNJ4-F1-model_v6,144197
731,AF-A0A2G9QGA6-F1-model_v6,8400
732,AF-A0A6J2Y2Q0-F1-model_v6,7048
733,AF-A0A3Q0J524-F1-model_v6,121845
734,AF-A0A6I9MRK6-F1-model_v6,8208
735,AF-A0A670I0W2-F1-model_v6,64176
736,AF-A0AAD9CQD2-F1-model_v6,100907
737,AF-A0A6J8CMV1-F1-model_v6,42192
738,AF-A0A6A7GE54-F1-model_v6,1518452
739,AF-A0A0Q9WVM2-F1-model_v6,7244
740,AF-A0A5C6PG30-F1-model_v6,433684
741,AF-A0A0R3VWS1-F1-model_v6,60517
742,AF-A0A7S0V5N2-F1-model_v6,51329
743,AF-A0A672LET4-F1-model_v6,75366
744,AF-A0A8D9BT13-F1-model_v6,428564
745,AF-A0AAR5PH95-F1-model_v6,77166
746,AF-A0A3Q1FWF1-F1-model_v6,80966
747,AF-L8IRV3-F1-model_v6,72004
748,AF-A0A484D665-F1-model_v6,8167
749,AF-A0A811UNW6-F1-model_v6,7213
750,AF-A0A7S1JC18-F1-model_v6,73025
751,MGYP003976619017,30611
752,AF-A0AAN8IK24-F1-model_v6,6319
753,AF-A0AAD7R7M0-F1-model_v6,143900
754,AF-A0AAR5PG41-F1-model_v6,77166
755,AF-A0A6I9Z0X9-F1-model_v6,35019
756,AF-A0A822CMU4-F1-model_v6,2762511
757,AF-A0AAR5PBX4-F1-model_v6,77166
758,AF-A0A8C6X240-F1-model_v6,35670
759,AF-A0A1S3QV79-F1-model_v6,8030
760,AF-A0A8T2NQ65-F1-model_v6,121402
761,AF-A0A5J5CDK9-F1-model_v6,54343
762,MGYP000968413431,9694
763,AF-A0A3B3YH69-F1-model_v6,48701
764,AF-A0A3S1GYC3-F1-model_v6,188477
765,AF-A0A2A2KLA2-F1-model_v6,2018661
766,AF-A0AAV8VC63-F1-model_v6,1586481
767,AF-A0A8S3YZY5-F1-model_v6,100452
768,AF-A0A6P4F8A0-F1-model_v6,1041015
769,AF-A0A6G0YNA4-F1-model_v6,307492
770,AF-A0A3Q4I3S6-F1-model_v6,32507
771,AF-A0A8X8BPN0-F1-model_v6,55291
772,AF-A0A8C6U9M5-F1-model_v6,47308
773,AF-A0A8S3RJ36-F1-model_v6,6550
774,AF-A0A1A6FZK6-F1-model_v6,56216
775,AF-A0A8B7QJD2-F1-model_v6,186990
776,MGYP000871480311,1580589
777,AF-T1KNZ3-F1-model_v6,32264
778,AF-A0AB40DK97-F1-model_v6,1486046
779,AF-A0A974HE65-F1-model_v6,8355
780,AF-A0A8K9Y235-F1-model_v6,8022
781,AF-A0ABC9HHQ9-F1-model_v6,6192
782,AF-A0ABD2QNI8-F1-model_v6,1844966
783,AF-A0A6V7M724-F1-model_v6,1563983
784,AF-A0A3P7JS90-F1-model_v6,40348
785,AF-A0ABD0Y9M1-F1-model_v6,642074
786,AF-A0A212CB84-F1-model_v6,46360
787,AF-A0A4Z2JFU7-F1-model_v6,230148
788,AF-A0A443SKC9-F1-model_v6,299467
789,AF-A0A182SS01-F1-model_v6,74869
790,AF-A0A0B2V010-F1-model_v6,6265
791,AF-A0A8C5GF00-F1-model_v6,441366
792,AF-A0A8C6U0L7-F1-model_v6,47308
793,AF-A0A8J2LZ33-F1-model_v6,2874296
794,AF-A0A914YCQ6-F1-model_v6,310955
795,AF-A0A9R0AQT2-F1-model_v6,7962
796,AF-A0AAV6Z432-F1-model_v6,76066
797,AF-A0AAR5PES9-F1-model_v6,77166
798,AF-A0AA88IAZ9-F1-model_v6,6661
799,AF-V9IK95-F1-model_v6,7461
800,AF-A0A914MI56-F1-model_v6,6306
801,AF-A0A817XFG8-F1-model_v6,2762512
802,AF-A0A9Q1HZ82-F1-model_v6,82655
803,AF-A0A820BCK6-F1-model_v6,2762512
804,MGYP003564757857,241478
805,AF-A0A183HEN9-F1-model_v6,387005
806,AF-A0AAD9BJM7-F1-model_v6,100907
807,AF-A0A0S7EXS0-F1-model_v6,188132
808,AF-A0A7L1ZE62-F1-model_v6,36275
809,AF-A0A0B7AR44-F1-model_v6,1028688
810,AF-A0A0L8GD86-F1-model_v6,37653
811,AF-A0A151LZN4-F1-model_v6,8496
812,AF-H3D0X4-F1-model_v6,99883
813,AF-A0A158QCP7-F1-model_v6,6216
814,AF-A0A8C3XJ48-F1-model_v6,8475
815,AF-A0A7R9DV82-F1-model_v6,170557
816,AF-A0A151P1F8-F1-model_v6,8496
817,AF-A0A1D2MXR2-F1-model_v6,48709
818,AF-A0A7S3NTQ2-F1-model_v6,5936
819,AF-A0A9Q1J7Z8-F1-model_v6,118154
820,AF-A0A3P7LZL4-F1-model_v6,60516
821,AF-A0A2D4GEN0-F1-model_v6,54390
822,AF-A0A7K4M2A1-F1-model_v6,48396
823,AF-A0AAV1Q4S4-F1-model_v6,13677
824,AF-A0A8J4UTM1-F1-model_v6,1594786
825,AF-A0A0N4WCJ1-F1-model_v6,6290
826,AF-A9UTL7-F1-model_v6,81824
827,4pkx-assembly1_A,6239
828,AF-A0A4W4FY12-F1-model_v6,8005
829,AF-V5DJU7-F1-model_v6,1416333
830,AF-A0A060WR02-F1-model_v6,8022
831,AF-A0A7L0N4B7-F1-model_v6,1118560
832,AF-A0A8D8NGZ5-F1-model_v6,7175
833,AF-A0A8T2NTM8-F1-model_v6,121402
834,AF-A0A151MZ28-F1-model_v6,8496
835,AF-A0A1E1VZ39-F1-model_v6,13191
836,MGYP003588615151,59818
837,AF-A0A8S3Z5N8-F1-model_v6,100452
838,AF-A0A3P7JHJ4-F1-model_v6,40348
839,AF-A9UT35-F1-model_v6,81824
840,AF-A0A0S7EMA5-F1-model_v6,188132
841,AF-A5D7M8-F1-model_v6,9913
842,AF-A0A3P7DXQ6-F1-model_v6,6293
843,AF-A0A7K9DJG0-F1-model_v6,243314
844,AF-B7P8T0-F1-model_v6,6945
845,AF-A0A820UGJ7-F1-model_v6,392030
846,AF-A0A1B0CBS2-F1-model_v6,7200
847,4pke-assembly1_A,6239
848,AF-L1JJU6-F1-model_v6,905079
849,AF-A0A6J2Y317-F1-model_v6,7048
850,MGYP003659983324,28612
851,AF-A2Q5Z4-F1-model_v6,3880
852,AF-A0A1B6HUV1-F1-model_v6,320908
853,AF-A0A0M3J5J3-F1-model_v6,6269
854,AF-A0A091QV06-F1-model_v6,57421
855,AF-A0A368GKL3-F1-model_v6,29170
856,AF-G9L1K0-F1-model_v6,9669
857,AF-A0A0K0DK96-F1-model_v6,6313
858,AF-A0A7J8DK34-F1-model_v6,9407
859,AF-A0A060WRK2-F1-model_v6,8022
860,MGYP003571918360,6359
861,AF-A0A6I9PNS9-F1-model_v6,8208
862,AF-A0A091WF12-F1-model_v6,30419
863,AF-A0A852EBI6-F1-model_v6,187451
864,AF-A0A1Y3AKM2-F1-model_v6,6958
865,AF-F6QJE4-F1-model_v6,7719
866,AF-A0A915IGZ2-F1-model_v6,13658
867,AF-A0A0P7W6D9-F1-model_v6,113540
868,AF-H3DBK4-F1-model_v6,99883
869,AF-A0AAN8FDY5-F1-model_v6,6319
870,AF-A0A161M2S1-F1-model_v6,30076
871,AF-A0A1Y3BM33-F1-model_v6,6958
872,AF-A0A1S4EIH6-F1-model_v6,121845
873,AF-A0A091M6A8-F1-model_v6,54380
874,AF-A0A7L0XZD8-F1-model_v6,137541
875,AF-A0A4U5VGN9-F1-model_v6,240159
876,AF-A0A2P4S4L5-F1-model_v6,9083
877,AF-A0A6I9MZX9-F1-model_v6,8208
878,AF-A0A1A8JTR3-F1-model_v6,321403
